id,name,smiles,formula
8,RR_DIOP,CC1(C)O[C@@H](CP(c2ccccc2)c2ccccc2)[C@H](CP(c2ccccc2)c2ccccc2)O1,C31H32O2P2
10,SS_Et_Duphos,CC[C@H]1CC[C@H](CC)P1c1ccccc1P1[C@@H](CC)CC[C@@H]1CC,C22H36P2
12,W001,C[C@H](c1[cH-]ccc1-c1ccccc1P(c1ccccc1)c1ccccc1)P(c1cc(C(F)(F)F)cc(C(F)(F)F)c1)c1cc(C(F)(F)F)cc(C(F)(F)F)c1.[Fe+2].c1cc[cH-]c1,C46H32F12FeP2
14,M003-1,CN(C)[C@H](c1ccccc1)c1c[cH-]cc1P(c1cc(C(F)(F)F)cc(C(F)(F)F)c1)c1cc(C(F)(F)F)cc(C(F)(F)F)c1.CN(C)[C@H](c1ccccc1)c1ccc[c-]1P(c1cc(C(F)(F)F)cc(C(F)(F)F)c1)c1cc(C(F)(F)F)cc(C(F)(F)F)c1.[Fe+2],C60H42F24FeN2P2
16,W005-1,COc1c(C)cc(P(c2cc(C)c(OC)c(C)c2)c2ccccc2-c2cc[cH-]c2[C@@H](C)P(c2cc(C(F)(F)F)cc(C(F)(F)F)c2)c2cc(C(F)(F)F)cc(C(F)(F)F)c2)cc1C.[Fe+2].c1cc[cH-]c1,C52H44F12FeO2P2
18,R-Segphos,c1ccc(P(c2ccccc2)c2ccc3c(c2-c2c(P(c4ccccc4)c4ccccc4)ccc4c2OCO4)OCO3)cc1,C38H28O4P2
19,RR_Norphos,C1=C[C@H]2C[C@@H]1[C@@H](P(c1ccccc1)c1ccccc1)[C@@H]2P(c1ccccc1)c1ccccc1,C31H28P2
22,RR-Me-Ferrolane,C[C@@H]1CC[C@@H](C)P1c1cc[cH-]c1.C[C@@H]1CC[C@@H](C)P1c1cc[cH-]c1.[Fe+2],C22H32FeP2
23,R_C3_Tunephos,c1ccc(P(c2ccccc2)c2cccc3c2-c2c(cccc2P(c2ccccc2)c2ccccc2)OCCCO3)cc1,C39H32O2P2
24,MeO-BIPHEP-R,COc1cccc(P(c2ccccc2)c2ccccc2)c1-c1c(OC)cccc1P(c1ccccc1)c1ccccc1,C38H32O2P2
27,R-Binaphane,c1ccc(P2Cc3ccc4ccccc4c3-c3c(ccc4ccccc34)C2)c(P2Cc3ccc4ccccc4c3-c3c(ccc4ccccc34)C2)c1,C50H36P2
40,J005_1,Cc1cc(C)cc(P(c2cc(C)cc(C)c2)[C@H](C)c2c[cH-]cc2P(c2ccccc2)c2ccccc2)c1.[Fe+2].c1cc[cH-]c1,C40H40FeP2
43,J006_1,C[C@H](c1c[cH-]cc1P(c1cc(C(F)(F)F)cc(C(F)(F)F)c1)c1cc(C(F)(F)F)cc(C(F)(F)F)c1)P(C1CCCCC1)C1CCCCC1.[Fe+2].c1cc[cH-]c1,C40H40F12FeP2
45,W003,C[C@H](c1[cH-]ccc1-c1ccccc1P(c1ccccc1)c1ccccc1)P(C1CCCCC1)C1CCCCC1.[Fe+2].c1cc[cH-]c1,C42H48FeP2
46,W006_1,Cc1cc(C)cc(P(c2cc(C)cc(C)c2)[C@H](C)c2[cH-]ccc2-c2ccccc2P(c2ccccc2)c2ccccc2)c1.[Fe+2].c1cc[cH-]c1,C46H44FeP2
48,R-Furl-MeOBIPHEP,COc1cccc(P(c2ccco2)c2ccco2)c1-c1c(OC)cccc1P(c1ccco1)c1ccco1,C30H24O6P2
50,M001-1,CN(C)[C@H](c1ccccc1)[c-]1cccc1P(c1ccccc1)c1ccccc1.CN(C)[C@H](c1ccccc1)c1cc[cH-]c1P(c1ccccc1)c1ccccc1.[Fe+2],C52H50FeN2P2
51,T002-2,CN(C)[C@@H](c1ccccc1P(C1CCCCC1)C1CCCCC1)c1c[cH-]cc1P(C1CCCCC1)C1CCCCC1.[Fe+2].c1cc[cH-]c1,C43H63FeNP2
54,R_BINAP_Xyl,Cc1cc(C)cc(P(c2cc(C)cc(C)c2)c2ccc3ccccc3c2-c2c(P(c3cc(C)cc(C)c3)c3cc(C)cc(C)c3)ccc3ccccc23)c1,C52H48P2
57,M004-1,COc1c(C)cc(P(c2cc(C)c(OC)c(C)c2)c2[cH-]ccc2[C@@H](c2ccccc2)N(C)C)cc1C.COc1c(C)cc(P(c2cc(C)c(OC)c(C)c2)c2c[cH-]cc2[C@@H](c2ccccc2)N(C)C)cc1C.[Fe+2],C64H74FeN2O4P2
58,W008_R,C[C@H](c1[cH-]ccc1-c1ccccc1P(C1CCCCC1)C1CCCCC1)P(c1cc(C(F)(F)F)cc(C(F)(F)F)c1)c1cc(C(F)(F)F)cc(C(F)(F)F)c1.[Fe+2].c1cc[cH-]c1,C46H44F12FeP2
59,M009-1,Cc1cc(C)cc(P(c2cc(C)cc(C)c2)c2[cH-]ccc2[C@@H](c2ccccc2)N(C)C)c1.Cc1cc(C)cc(P(c2cc(C)cc(C)c2)c2c[cH-]cc2[C@@H](c2ccccc2)N(C)C)c1.[Fe+2],C60H66FeN2P2
60,T001-2,CN(C)[C@@H](c1ccccc1P(c1ccccc1)c1ccccc1)c1c[cH-]cc1P(c1ccccc1)c1ccccc1.[Fe+2].c1cc[cH-]c1,C43H39FeNP2
62,R_345_MeO_BIPHEP,COc1cc(P(c2cc(OC)c(OC)c(OC)c2)c2cccc(OC)c2-c2c(OC)cccc2P(c2cc(OC)c(OC)c(OC)c2)c2cc(OC)c(OC)c(OC)c2)cc(OC)c1OC,C50H56O14P2
63,w030,C[C@H](c1[cH-]ccc1-c1ccccc1P(C(C)(C)C)C(C)(C)C)P(C(C)(C)C)C(C)(C)C.[Fe+2].c1cc[cH-]c1,C34H52FeP2
67,J013_1,COc1ccc(P(c2ccc(OC)cc2)c2c[cH-]cc2[C@@H](C)P(C(C)(C)C)C(C)(C)C)cc1.[Fe+2].c1cc[cH-]c1,C34H44FeO2P2
68,W012,C[C@H](c1[cH-]ccc1-c1ccccc1P(c1ccccc1)c1ccccc1)P(C(C)(C)C)C(C)(C)C.[Fe+2].c1cc[cH-]c1,C38H44FeP2
70,J212-1,C[C@H](c1c[cH-]cc1P(c1ccco1)c1ccco1)P(C(C)(C)C)C(C)(C)C.[Fe+2].c1cc[cH-]c1,C28H36FeO2P2
71,J502-1,C[C@H](c1c[cH-]cc1P(C(C)(C)C)C(C)(C)C)P(c1ccccc1)c1ccccc1.[Fe+2].c1cc[cH-]c1,C32H40FeP2
73,J403-1,C[C@H](c1c[cH-]cc1P(c1ccc(C(F)(F)F)cc1)c1ccc(C(F)(F)F)cc1)P(c1ccc(C(F)(F)F)cc1)c1ccc(C(F)(F)F)cc1.[Fe+2].c1cc[cH-]c1,C40H28F12FeP2
74,J216-1,C[C@H](c1c[cH-]cc1P(c1cccc2ccccc12)c1cccc2ccccc12)P(C(C)(C)C)C(C)(C)C.[Fe+2].c1cc[cH-]c1,C40H44FeP2
76,W029_R,C[C@H](c1[cH-]ccc1-c1ccccc1P(C1CCCCC1)C1CCCCC1)P(C(C)(C)C)C(C)(C)C.[Fe+2].c1cc[cH-]c1,C38H56FeP2
80,J404-1,Cc1cc(C)cc(P(c2cc(C)cc(C)c2)[C@H](C)c2c[cH-]cc2P(c2cccc3ccccc23)c2cccc3ccccc23)c1.[Fe+2].c1cc[cH-]c1,C48H44FeP2
81,M002-1 ,CN(C)[C@H](c1ccccc1)[c-]1cccc1P(C1CCCCC1)C1CCCCC1.CN(C)[C@H](c1ccccc1)c1c[cH-]cc1P(C1CCCCC1)C1CCCCC1.[Fe+2],C52H74FeN2P2
91,BPPFA,C[C@@H]([c-]1cccc1P(c1ccccc1)c1ccccc1)N(C)C.[Fe+2].c1ccc(P(c2ccccc2)c2cc[cH-]c2)cc1,C38H37FeNP2
93,S-BINAPINE,CC(C)(C)P1Cc2ccc3ccccc3c2-c2c(ccc3ccccc23)[C@H]1[C@@H]1c2ccc3ccccc3c2-c2c(ccc3ccccc23)CP1C(C)(C)C,C52H48P2
97,R-Difluorophos,FC1(F)Oc2ccc(P(c3ccccc3)c3ccccc3)c(-c3c(P(c4ccccc4)c4ccccc4)ccc4c3OC(F)(F)O4)c2O1,C38H24F4O4P2
103,RR_QuinoxP,CP(c1nc2ccccc2nc1P(C)C(C)(C)C)C(C)(C)C,C18H28N2P2
111,R-Mod-DIOP,COc1c(C)cc(P(C[C@@H]2OC(C)(C)O[C@H]2CP(c2cc(C)c(OC)c(C)c2)c2cc(C)c(OC)c(C)c2)c2cc(C)c(OC)c(C)c2)cc1C,C43H56O6P2
113,catASiumMNN,C[C@@H]1CC[C@@H](C)P1c1c(P2[C@H](C)CC[C@H]2C)c(=O)n(C)n(C)c1=O,C18H30N2O2P2
114,CatASiumD,c1ccc(CN2C[C@H](P(c3ccccc3)c3ccccc3)[C@@H](P(c3ccccc3)c3ccccc3)C2)cc1,C35H33NP2
116,DMMSEGPHOS,COc1c(C)cc(P(c2cc(C)c(OC)c(C)c2)c2ccc3c(c2-c2c(P(c4cc(C)c(OC)c(C)c4)c4cc(C)c(OC)c(C)c4)ccc4c2OCO4)OCO3)cc1C,C50H52O8P2
117,J001_2,C[C@@H](c1c[cH-]cc1P(c1ccccc1)c1ccccc1)P(C1CCCCC1)C1CCCCC1.[Fe+2].c1cc[cH-]c1,C36H44FeP2
118,J004_2,C[C@@H](c1ccc[c-]1P(C1CCCCC1)C1CCCCC1)P(c1ccccc1)c1ccccc1.[Fe+2].c1cc[cH-]c1,C36H44FeP2
120,J011_1,C[C@H](c1c[cH-]cc1P(c1ccc(C(F)(F)F)cc1)c1ccc(C(F)(F)F)cc1)P(C(C)(C)C)C(C)(C)C.[Fe+2].c1cc[cH-]c1,C34H38F6FeP2
121,J031-1,COc1c(C)cc(P(c2cc(C)c(OC)c(C)c2)c2c[cH-]cc2[C@@H](C)P(C(C)(C)C)C(C)(C)C)cc1C.[Fe+2].c1cc[cH-]c1,C38H52FeO2P2
122,J034-1,C[C@H](c1c[cH-]c([Si](C)(C)C)c1P(C1CCCCC1)C1CCCCC1)P(c1ccccc1)c1ccccc1.[Fe+2].c1cc[cH-]c1,C39H52FeP2Si
124,J110-1,C[C@H](c1c[cH-]cc1P(c1ccccc1)c1ccccc1)P(c1ccc(C(F)(F)F)cc1)c1ccc(C(F)(F)F)cc1.[Fe+2].c1cc[cH-]c1,C38H30F6FeP2
125,J210-1,C[C@H](c1c[cH-]cc1P(c1cc(C(F)(F)F)cc(C(F)(F)F)c1)c1cc(C(F)(F)F)cc(C(F)(F)F)c1)P(C(C)(C)C)C(C)(C)C.[Fe+2].c1cc[cH-]c1,C36H36F12FeP2
126,J222-1,COc1c(C)cc(P(c2cc(C)c(OC)c(C)c2)c2c[cH-]cc2[C@@H](C)P(CC(C)(C)C)CC(C)(C)C)cc1C.[Fe+2].c1cc[cH-]c1,C40H56FeO2P2
128,J301-1,CCP(CC)c1c[cH-]cc1[C@@H](C)P(C(C)(C)C)C(C)(C)C.[Fe+2].c1cc[cH-]c1,C24H40FeP2
130,J302-1,CCP(CC)c1c[cH-]cc1[C@@H](C)P(C1CCCCC1)C1CCCCC1.[Fe+2].c1cc[cH-]c1,C28H44FeP2
131,J408-1,Cc1cc(C)cc(P(c2cc(C)cc(C)c2)c2c[cH-]cc2[C@@H](C)P(c2cc(C)cc(C)c2)c2cc(C)cc(C)c2)c1.[Fe+2].c1cc[cH-]c1,C44H48FeP2
132,J412-1,Cc1cc(C)cc(P(c2cc(C)cc(C)c2)c2c[cH-]cc2[C@@H](C)P(c2cc(C(F)(F)F)cc(C(F)(F)F)c2)c2cc(C(F)(F)F)cc(C(F)(F)F)c2)c1.[Fe+2].c1cc[cH-]c1,C44H36F12FeP2
134,J505-1,Cc1ccccc1P(c1ccccc1C)[C@H](C)c1c[cH-]cc1P(C(C)(C)C)C(C)(C)C.[Fe+2].c1cc[cH-]c1,C34H44FeP2
137,R_C2_TunePhos,c1ccc(P(c2ccccc2)c2cccc3c2-c2c(cccc2P(c2ccccc2)c2ccccc2)OCCO3)cc1,C38H30O2P2
138,R_Garphos,COc1cc(OC)c(-c2c(OC)cc(OC)cc2P(c2ccccc2)c2ccccc2)c(P(c2ccccc2)c2ccccc2)c1,C40H36O4P2
140,R_P_Phos,COc1cc(P(c2ccccc2)c2ccccc2)c(-c2c(P(c3ccccc3)c3ccccc3)cc(OC)nc2OC)c(OC)n1,C38H34N2O4P2
141,R_ProPhos,C[C@H](CP(c1ccccc1)c1ccccc1)P(c1ccccc1)c1ccccc1,C27H26P2
142,R-BINAP-tol,Cc1ccc(P(c2ccc(C)cc2)c2ccc3ccccc3c2-c2c(P(c3ccc(C)cc3)c3ccc(C)cc3)ccc3ccccc23)cc1,C48H40P2
143,R-BIPHEP       ,c1ccc(P(c2ccccc2)c2ccccc2-c2ccccc2P(c2ccccc2)c2ccccc2)cc1,C36H28P2
144,R-CataSium-M,C[C@@H]1CC[C@@H](C)P1C1=C(P2[C@H](C)CC[C@H]2C)C(=O)OC1=O,C16H24O3P2
145,R-Cy_BIPHEP,c1ccc(P(C2CCCCC2)C2CCCCC2)c(-c2ccccc2P(C2CCCCC2)C2CCCCC2)c1,C36H52P2
147,R-Segphos_DM,Cc1cc(C)cc(P(c2cc(C)cc(C)c2)c2ccc3c(c2-c2c(P(c4cc(C)cc(C)c4)c4cc(C)cc(C)c4)ccc4c2OCO4)OCO3)c1,C46H44O4P2
148,R-TOL-MEOBIPHEP,COc1cccc(P(c2ccc(C)cc2)c2ccc(C)cc2)c1-c1c(OC)cccc1P(c1ccc(C)cc1)c1ccc(C)cc1,C42H40O2P2
149,RR_BenzP,CP(c1ccccc1P(C)C(C)(C)C)C(C)(C)C,C16H28P2
150,RR-BICP,c1ccc(P(c2ccccc2)[C@@H]2CCC[C@@H]2[C@H]2CCC[C@H]2P(c2ccccc2)c2ccccc2)cc1,C34H36P2
151,RR-Chiraphos,C[C@H]([C@@H](C)P(c1ccccc1)c1ccccc1)P(c1ccccc1)c1ccccc1,C28H28P2
153,RRR_Me_Kephos,C[C@@H]1CC[C@@H](C)P1c1c[cH-]cc1P(c1ccccc1)c1ccccc1.[Fe+2].c1cc[cH-]c1,C28H30FeP2
155,S_BINAP,c1ccc(P(c2ccccc2)c2ccc3ccccc3c2-c2c(P(c3ccccc3)c3ccccc3)ccc3ccccc23)cc1,C44H32P2
156,S_C5_Tunephos,c1ccc(P(c2ccccc2)c2cccc3c2-c2c(cccc2P(c2ccccc2)c2ccccc2)OCCCCCO3)cc1,C41H36O2P2
157,S_SDP,c1ccc(P(c2ccccc2)c2cccc3c2C2(CC3)CCc3cccc(P(c4ccccc4)c4ccccc4)c32)cc1,C41H34P2
161,S-XYL_Garphos,COc1cc(OC)c(-c2c(OC)cc(OC)cc2P(c2cc(C)cc(C)c2)c2cc(C)cc(C)c2)c(P(c2cc(C)cc(C)c2)c2cc(C)cc(C)c2)c1,C48H52O4P2
162,S_MeO_BIPHEP-Xyl,COc1cccc(P(c2cc(C)cc(C)c2)c2cc(C)cc(C)c2)c1-c1c(OC)cccc1P(c1cc(C)cc(C)c1)c1cc(C)cc(C)c1,C46H48O2P2
165,SS-Me-Duphos,C[C@H]1CC[C@H](C)P1c1ccccc1P1[C@@H](C)CC[C@@H]1C,C18H28P2
166,SS-ME-UCAP_DTBM,COc1c(C(C)(C)C)cc(P(c2cc(C(C)(C)C)c(OC)c(C(C)(C)C)c2)c2ccccc2P2[C@@H](C)CC[C@@H]2C)cc1C(C)(C)C,C42H62O2P2
167,SSR_Me_Kephos,C[C@H]1CC[C@H](C)P1c1c[cH-]cc1P(c1ccccc1)c1ccccc1.[Fe+2].c1cc[cH-]c1,C28H30FeP2
168,SSRR-DuanPhos,CC(C)(C)P1Cc2ccccc2[C@H]1[C@@H]1c2ccccc2CP1C(C)(C)C,C24H32P2
169,SSRR-Tangphos,CC(C)(C)P1CCC[C@@H]1[C@H]1CCCP1C(C)(C)C,C16H32P2
171,SSSS_Me_KetalPhos,C[C@H]1[C@H]2OC(C)(C)O[C@@H]2[C@H](C)P1c1ccccc1P1[C@@H](C)[C@H]2OC(C)(C)O[C@@H]2[C@@H]1C,C24H36O4P2
175,DPPF,[Fe+2].c1ccc(P(c2ccccc2)c2cc[cH-]c2)cc1.c1ccc(P(c2ccccc2)c2cc[cH-]c2)cc1,C34H28FeP2
177,DPPE,c1ccc(P(CCP(c2ccccc2)c2ccccc2)c2ccccc2)cc1,C26H24P2
178,DPPB,c1ccc(P(CCCCP(c2ccccc2)c2ccccc2)c2ccccc2)cc1,C28H28P2
179,CF3-DPPBZ,FC(F)(F)c1cc(P(c2cc(C(F)(F)F)cc(C(F)(F)F)c2)c2ccccc2P(c2cc(C(F)(F)F)cc(C(F)(F)F)c2)c2cc(C(F)(F)F)cc(C(F)(F)F)c2)cc(C(F)(F)F)c1,C38H16F24P2
180,R-CF3-DTBM-Segphos,COc1c(C(C)(C)C)cc(P(c2cc(C(C)(C)C)c(OC)c(C(C)(C)C)c2)c2ccc3c(c2-c2c(P(c4cc(C(F)(F)F)cc(C(F)(F)F)c4)c4cc(C(F)(F)F)cc(C(F)(F)F)c4)ccc4c2OCO4)OCO3)cc1C(C)(C)C,C60H60F12O6P2
181,R-CF3-Garphos,COc1cc(OC)c(-c2c(OC)cc(OC)cc2P(c2cc(C(F)(F)F)cc(C(F)(F)F)c2)c2cc(C(F)(F)F)cc(C(F)(F)F)c2)c(P(c2cc(C(F)(F)F)cc(C(F)(F)F)c2)c2cc(C(F)(F)F)cc(C(F)(F)F)c2)c1,C48H28F24O4P2
183,R-CF3-TMG-Segphos,C[Ge](C)(C)c1cc(P(c2cc([Ge](C)(C)C)cc([Ge](C)(C)C)c2)c2ccc3c(c2-c2c(P(c4cc(C(F)(F)F)cc(C(F)(F)F)c4)c4cc(C(F)(F)F)cc(C(F)(F)F)c4)ccc4c2OCO4)OCO3)cc([Ge](C)(C)C)c1,C54H56F12Ge4O4P2
184,R-CF3-TMS-4F-Segphos,C[Si](C)(C)c1cc(P(c2cc([Si](C)(C)C)c(F)c([Si](C)(C)C)c2)c2ccc3c(c2-c2c(P(c4cc(C(F)(F)F)cc(C(F)(F)F)c4)c4cc(C(F)(F)F)cc(C(F)(F)F)c4)ccc4c2OCO4)OCO3)cc([Si](C)(C)C)c1F,C54H54F14O4P2Si4
185,R-CF3-TMS-Segphos,C[Si](C)(C)c1cc(P(c2cc([Si](C)(C)C)cc([Si](C)(C)C)c2)c2ccc3c(c2-c2c(P(c4cc(C(F)(F)F)cc(C(F)(F)F)c4)c4cc(C(F)(F)F)cc(C(F)(F)F)c4)ccc4c2OCO4)OCO3)cc([Si](C)(C)C)c1,C54H56F12O4P2Si4
186,R-DTBM-Difluorophos,COc1c(C(C)(C)C)cc(P(c2cc(C(C)(C)C)c(OC)c(C(C)(C)C)c2)c2ccc3c(c2-c2c(P(c4cc(C(C)(C)C)c(OC)c(C(C)(C)C)c4)c4cc(C(C)(C)C)c(OC)c(C(C)(C)C)c4)ccc4c2OC(F)(F)O4)OC(F)(F)O3)cc1C(C)(C)C,C74H96F4O8P2
187,R-35FIP-Segphos,FC(F)(F)C(F)(c1cc(P(c2cc(C(F)(C(F)(F)F)C(F)(F)F)cc(C(F)(C(F)(F)F)C(F)(F)F)c2)c2ccc3c(c2-c2c(P(c4cc(C(F)(C(F)(F)F)C(F)(F)F)cc(C(F)(C(F)(F)F)C(F)(F)F)c4)c4cc(C(F)(C(F)(F)F)C(F)(F)F)cc(C(F)(C(F)(F)F)C(F)(F)F)c4)ccc4c2OCO4)OCO3)cc(C(F)(C(F)(F)F)C(F)(F)F)c1)C(F)(F)F,C62H20F56O4P2
188,R-DTBM-MeOBIPHEP,COc1cccc(P(c2cc(C(C)(C)C)c(OC)c(C(C)(C)C)c2)c2cc(C(C)(C)C)c(OC)c(C(C)(C)C)c2)c1-c1c(OC)cccc1P(c1cc(C(C)(C)C)c(OC)c(C(C)(C)C)c1)c1cc(C(C)(C)C)c(OC)c(C(C)(C)C)c1,C74H104O6P2
189,R-DTBM-Segphos,COc1c(C(C)(C)C)cc(P(c2cc(C(C)(C)C)c(OC)c(C(C)(C)C)c2)c2ccc3c(c2-c2c(P(c4cc(C(C)(C)C)c(OC)c(C(C)(C)C)c4)c4cc(C(C)(C)C)c(OC)c(C(C)(C)C)c4)ccc4c2OCO4)OCO3)cc1C(C)(C)C,C74H100O8P2
194,R-H8-BINAP,c1ccc(P(c2ccccc2)c2ccc3c(c2-c2c(P(c4ccccc4)c4ccccc4)ccc4c2CCCC4)CCCC3)cc1,C44H40P2
195,R-C3F7-Solphos,CN1CCOc2c1ccc(P(c1cc(C(F)(C(F)(F)F)C(F)(F)F)cc(C(F)(C(F)(F)F)C(F)(F)F)c1)c1cc(C(F)(C(F)(F)F)C(F)(F)F)cc(C(F)(C(F)(F)F)C(F)(F)F)c1)c2-c1c(P(c2cc(C(F)(C(F)(F)F)C(F)(F)F)cc(C(F)(C(F)(F)F)C(F)(F)F)c2)c2cc(C(F)(C(F)(F)F)C(F)(F)F)cc(C(F)(C(F)(F)F)C(F)(F)F)c2)ccc2c1OCCN2C,C66H30F56N2O2P2
196,R-DTBM-Solphos,COc1c(C(C)(C)C)cc(P(c2cc(C(C)(C)C)c(OC)c(C(C)(C)C)c2)c2ccc3c(c2-c2c(P(c4cc(C(C)(C)C)c(OC)c(C(C)(C)C)c4)c4cc(C(C)(C)C)c(OC)c(C(C)(C)C)c4)ccc4c2OCCN4C)OCCN3C)cc1C(C)(C)C,C78H110N2O6P2
197,R-DADM-Segphos,COc1c([C@]23C[C@H]4C[C@H](C[C@H](C4)C2)C3)cc(P(c2cc([C@]34C[C@H]5C[C@H](C[C@H](C5)C3)C4)c(OC)c([C@]34C[C@H]5C[C@H](C[C@H](C5)C3)C4)c2)c2ccc3c(c2-c2c(P(c4cc([C@]56C[C@H]7C[C@H](C[C@H](C7)C5)C6)c(OC)c([C@]56C[C@H]7C[C@H](C[C@H](C7)C5)C6)c4)c4cc([C@]56C[C@H]7C[C@H](C[C@H](C7)C5)C6)c(OC)c([C@]56C[C@H]7C[C@H](C[C@H](C7)C5)C6)c4)ccc4c2OCO4)OCO3)cc1[C@]12C[C@H]3C[C@H](C[C@H](C3)C1)C2,C122H148O8P2
199,W002-1,C[C@H](c1ccc[c-]1-c1ccccc1P(c1ccccc1)c1ccccc1)P(c1ccccc1)c1ccccc1.[Fe+2].c1cc[cH-]c1,C42H36FeP2
201,W016-1_SS,COc1ccc(P(c2ccc(OC)cc2)c2ccccc2-c2cc[cH-]c2[C@@H](C)P([C@H]2C[C@@H]3CC[C@H]2C3)[C@H]2C[C@@H]3CC[C@H]2C3)cc1.[Fe+2].c1cc[cH-]c1,C46H52FeO2P2
202,W016-1_RR,COc1ccc(P(c2ccc(OC)cc2)c2ccccc2-c2cc[cH-]c2[C@@H](C)P([C@@H]2C[C@@H]3CC[C@H]2C3)[C@@H]2C[C@@H]3CC[C@H]2C3)cc1.[Fe+2].c1cc[cH-]c1,C46H52FeO2P2
203,W016-1_RS,COc1ccc(P(c2ccc(OC)cc2)c2ccccc2-c2cc[cH-]c2[C@@H](C)P([C@H]2C[C@@H]3CC[C@H]2C3)[C@@H]2C[C@@H]3CC[C@H]2C3)cc1.[Fe+2].c1cc[cH-]c1,C46H52FeO2P2
205,W017-1_RR,C[C@H](c1[cH-]ccc1-c1ccccc1P(c1ccc(C(F)(F)F)cc1)c1ccc(C(F)(F)F)cc1)P([C@@H]1C[C@@H]2CC[C@H]1C2)[C@@H]1C[C@@H]2CC[C@H]1C2.[Fe+2].c1cc[cH-]c1,C46H46F6FeP2
206,W017-1_RS,C[C@H](c1[cH-]ccc1-c1ccccc1P(c1ccc(C(F)(F)F)cc1)c1ccc(C(F)(F)F)cc1)P([C@H]1C[C@@H]2CC[C@H]1C2)[C@@H]1C[C@@H]2CC[C@H]1C2.[Fe+2].c1cc[cH-]c1,C46H46F6FeP2
207,W017-1_SS,C[C@H](c1[cH-]ccc1-c1ccccc1P(c1ccc(C(F)(F)F)cc1)c1ccc(C(F)(F)F)cc1)P([C@H]1C[C@@H]2CC[C@H]1C2)[C@H]1C[C@@H]2CC[C@H]1C2.[Fe+2].c1cc[cH-]c1,C46H46F6FeP2
209,W022-1_RR,C[C@H](c1[cH-]ccc1-c1ccccc1P(c1ccccc1)c1ccccc1)P([C@@H]1C[C@@H]2CC[C@H]1C2)[C@@H]1C[C@@H]2CC[C@H]1C2.[Fe+2].c1cc[cH-]c1,C44H48FeP2
211,W022-1_SS,C[C@H](c1[cH-]ccc1-c1ccccc1P(c1ccccc1)c1ccccc1)P([C@H]1C[C@@H]2CC[C@H]1C2)[C@H]1C[C@@H]2CC[C@H]1C2.[Fe+2].c1cc[cH-]c1,C44H48FeP2
213,W023-1_RR,COc1c(C)cc(P(c2cc(C)c(OC)c(C)c2)c2ccccc2-c2cc[cH-]c2[C@@H](C)P([C@@H]2C[C@@H]3CC[C@H]2C3)[C@@H]2C[C@@H]3CC[C@H]2C3)cc1C.[Fe+2].c1cc[cH-]c1,C50H60FeO2P2
214,W023-1_RS,COc1c(C)cc(P(c2cc(C)c(OC)c(C)c2)c2ccccc2-c2cc[cH-]c2[C@@H](C)P([C@H]2C[C@@H]3CC[C@H]2C3)[C@@H]2C[C@@H]3CC[C@H]2C3)cc1C.[Fe+2].c1cc[cH-]c1,C50H60FeO2P2
215,W023-1_SS,COc1c(C)cc(P(c2cc(C)c(OC)c(C)c2)c2ccccc2-c2cc[cH-]c2[C@@H](C)P([C@H]2C[C@@H]3CC[C@H]2C3)[C@H]2C[C@@H]3CC[C@H]2C3)cc1C.[Fe+2].c1cc[cH-]c1,C50H60FeO2P2
216,W023-1_SR,COc1c(C)cc(P(c2cc(C)c(OC)c(C)c2)c2ccccc2-c2cc[cH-]c2[C@@H](C)P([C@H]2C[C@@H]3CC[C@H]2C3)[C@@H]2C[C@@H]3CC[C@H]2C3)cc1C.[Fe+2].c1cc[cH-]c1,C50H60FeO2P2
217,W025-1,COc1c(C)cc(P(c2cc(C)c(OC)c(C)c2)c2ccccc2-c2cc[cH-]c2[C@@H](C)P(C(C)(C)C)C(C)(C)C)cc1C.[Fe+2].c1cc[cH-]c1,C44H56FeO2P2
218,W026-1,C[C@H](c1[cH-]ccc1-c1ccccc1P(c1cc(C(F)(F)F)cc(C(F)(F)F)c1)c1cc(C(F)(F)F)cc(C(F)(F)F)c1)P(C(C)(C)C)C(C)(C)C.[Fe+2].c1cc[cH-]c1,C42H40F12FeP2
219,W031-1_RR,C[C@H](c1[cH-]ccc1-c1ccccc1P(c1cc(C(F)(F)F)cc(C(F)(F)F)c1)c1cc(C(F)(F)F)cc(C(F)(F)F)c1)P([C@@H]1C[C@@H]2CC[C@H]1C2)[C@@H]1C[C@@H]2CC[C@H]1C2.[Fe+2].c1cc[cH-]c1,C48H44F12FeP2
220,W031-1_RS,C[C@H](c1[cH-]ccc1-c1ccccc1P(c1cc(C(F)(F)F)cc(C(F)(F)F)c1)c1cc(C(F)(F)F)cc(C(F)(F)F)c1)P([C@H]1C[C@@H]2CC[C@H]1C2)[C@@H]1C[C@@H]2CC[C@H]1C2.[Fe+2].c1cc[cH-]c1,C48H44F12FeP2
221,W031-1_SS,C[C@H]([c-]1cccc1-c1ccccc1P(c1cc(C(F)(F)F)cc(C(F)(F)F)c1)c1cc(C(F)(F)F)cc(C(F)(F)F)c1)P([C@H]1C[C@@H]2CC[C@H]1C2)[C@H]1C[C@@H]2CC[C@H]1C2.[Fe+2].c1cc[cH-]c1,C48H44F12FeP2
223,W032-1_RR,C[C@H](c1[cH-]ccc1-c1ccccc1P(c1cc(C(C)(C)C)cc(C(C)(C)C)c1)c1cc(C(C)(C)C)cc(C(C)(C)C)c1)P([C@@H]1C[C@@H]2CC[C@H]1C2)[C@@H]1C[C@@H]2CC[C@H]1C2.[Fe+2].c1cc[cH-]c1,C60H80FeP2
224,W032-1_RS,C[C@H](c1[cH-]ccc1-c1ccccc1P(c1cc(C(C)(C)C)cc(C(C)(C)C)c1)c1cc(C(C)(C)C)cc(C(C)(C)C)c1)P([C@H]1C[C@@H]2CC[C@H]1C2)[C@@H]1C[C@@H]2CC[C@H]1C2.[Fe+2].c1cc[cH-]c1,C60H80FeP2
225,W032-1_SS,C[C@H](c1[cH-]ccc1-c1ccccc1P(c1cc(C(C)(C)C)cc(C(C)(C)C)c1)c1cc(C(C)(C)C)cc(C(C)(C)C)c1)P([C@H]1C[C@@H]2CC[C@H]1C2)[C@H]1C[C@@H]2CC[C@H]1C2.[Fe+2].c1cc[cH-]c1,C60H80FeP2
226,W032-1_SR,C[C@H](c1[cH-]ccc1-c1ccccc1P(c1cc(C(C)(C)C)cc(C(C)(C)C)c1)c1cc(C(C)(C)C)cc(C(C)(C)C)c1)P([C@H]1C[C@@H]2CC[C@H]1C2)[C@@H]1C[C@@H]2CC[C@H]1C2.[Fe+2].c1cc[cH-]c1,C60H80FeP2
229,W035-1_SS,C[C@H](c1[cH-]ccc1-c1ccccc1P(c1ccc(N(C)C)cc1)c1ccc(N(C)C)cc1)P([C@H]1C[C@@H]2CC[C@H]1C2)[C@H]1C[C@@H]2CC[C@H]1C2.[Fe+2].c1cc[cH-]c1,C48H58FeN2P2
231,W036-1,C[C@H](c1[cH-]ccc1-c1ccccc1P(c1ccc(C(F)(F)F)cc1)c1ccc(C(F)(F)F)cc1)P(C(C)(C)C)C(C)(C)C.[Fe+2].c1cc[cH-]c1,C40H42F6FeP2
232,W037-1,COc1ccc(P(c2ccc(OC)cc2)c2ccccc2-c2cc[cH-]c2[C@@H](C)P(C(C)(C)C)C(C)(C)C)cc1.[Fe+2].c1cc[cH-]c1,C40H48FeO2P2
233,W038-1,C[C@H](c1[cH-]ccc1-c1ccccc1P(c1cc(C(C)(C)C)cc(C(C)(C)C)c1)c1cc(C(C)(C)C)cc(C(C)(C)C)c1)P(C(C)(C)C)C(C)(C)C.[Fe+2].c1cc[cH-]c1,C54H76FeP2
234,W039-1,C[C@H](c1[cH-]ccc1-c1ccccc1P(C1CCCCC1)C1CCCCC1)P(C1CCCCC1)C1CCCCC1.[Fe+2].c1cc[cH-]c1,C42H60FeP2
235,W040-1-RR,C[C@H](c1c[cH-]cc1-c1ccccc1P(C1CCCCC1)C1CCCCC1)P([C@@H]1C[C@@H]2CC[C@H]1C2)[C@@H]1C[C@@H]2CC[C@H]1C2.[Fe+2].c1cc[cH-]c1,C44H60FeP2
239,R-DMBQ-Segphos,CC1(C)CCN2CCC(C)(C)c3cc(P(c4cc5c6c(c4)C(C)(C)CCN6CCC5(C)C)c4ccc5c(c4-c4c(P(c6cc7c8c(c6)C(C)(C)CCN8CCC7(C)C)c6cc7c8c(c6)C(C)(C)CCN8CCC7(C)C)ccc6c4OCO6)OCO5)cc1c32,C78H96N4O4P2
241,R-Furyl-DTBM-Segphos,COc1c(C(C)(C)C)cc(P(c2cc(C(C)(C)C)c(OC)c(C(C)(C)C)c2)c2ccc3c(c2-c2c(P(c4ccco4)c4ccco4)ccc4c2OCO4)OCO3)cc1C(C)(C)C,C52H60O8P2
242,R-DTBM-Pphos,COc1cc(P(c2cc(C(C)(C)C)c(OC)c(C(C)(C)C)c2)c2cc(C(C)(C)C)c(OC)c(C(C)(C)C)c2)c(-c2c(P(c3cc(C(C)(C)C)c(OC)c(C(C)(C)C)c3)c3cc(C(C)(C)C)c(OC)c(C(C)(C)C)c3)cc(OC)nc2OC)c(OC)n1,C74H106N2O8P2
243,CF3-DPPE,FC(F)(F)c1cc(P(CCP(c2cc(C(F)(F)F)cc(C(F)(F)F)c2)c2cc(C(F)(F)F)cc(C(F)(F)F)c2)c2cc(C(F)(F)F)cc(C(F)(F)F)c2)cc(C(F)(F)F)c1,C34H16F24P2
244,CF3-DPPF,FC(F)(F)c1cc(P(c2cc(C(F)(F)F)cc(C(F)(F)F)c2)[c-]2cccc2)cc(C(F)(F)F)c1.FC(F)(F)c1cc(P(c2cc[cH-]c2)c2cc(C(F)(F)F)cc(C(F)(F)F)c2)cc(C(F)(F)F)c1.[Fe+2],C42H20F24FeP2
245,J002-1,C[C@H](c1c[cH-]cc1P(c1ccccc1)c1ccccc1)P(C(C)(C)C)C(C)(C)C.[Fe+2].c1cc[cH-]c1,C32H40FeP2
246,J007-1,COc1c(C)cc(P(c2cc(C)c(OC)c(C)c2)c2c[cH-]cc2[C@@H](C)P(C2CCCCC2)C2CCCCC2)cc1C.[Fe+2].c1cc[cH-]c1,C42H56FeO2P2
247,R-CF3-BINAP,FC(F)(F)c1cc(P(c2cc(C(F)(F)F)cc(C(F)(F)F)c2)c2ccc3ccccc3c2-c2c(P(c3cc(C(F)(F)F)cc(C(F)(F)F)c3)c3cc(C(F)(F)F)cc(C(F)(F)F)c3)ccc3ccccc23)cc(C(F)(F)F)c1,C52H24F24P2
248,R-345F-DTBM-Segphos,COc1c(C(C)(C)C)cc(P(c2cc(C(C)(C)C)c(OC)c(C(C)(C)C)c2)c2ccc3c(c2-c2c(P(c4cc(F)c(F)c(F)c4)c4cc(F)c(F)c(F)c4)ccc4c2OCO4)OCO3)cc1C(C)(C)C,C56H58F6O6P2
249,R-DTBM-Garphos,COc1cc(OC)c(-c2c(OC)cc(OC)cc2P(c2cc(C(C)(C)C)c(OC)c(C(C)(C)C)c2)c2cc(C(C)(C)C)c(OC)c(C(C)(C)C)c2)c(P(c2cc(C(C)(C)C)c(OC)c(C(C)(C)C)c2)c2cc(C(C)(C)C)c(OC)c(C(C)(C)C)c2)c1,C76H108O8P2
251,SS-Ph-BPE,c1ccc([C@@H]2CC[C@@H](c3ccccc3)P2CCP2[C@H](c3ccccc3)CC[C@H]2c2ccccc2)cc1,C34H36P2
253,R-DTBM-BIPHUP,COc1c(C(C)(C)C)cc(P(c2cc(C(C)(C)C)c(OC)c(C(C)(C)C)c2)c2cc(C(F)(F)F)cc(C(F)(F)F)c2-c2c(P(c3cc(C(C)(C)C)c(OC)c(C(C)(C)C)c3)c3cc(C(C)(C)C)c(OC)c(C(C)(C)C)c3)cc(C(F)(F)F)cc2C(F)(F)F)cc1C(C)(C)C,C76H96F12O4P2
254,R-4CF3-Segphos,FC(F)(F)c1ccc(P(c2ccc(C(F)(F)F)cc2)c2ccc3c(c2-c2c(P(c4ccc(C(F)(F)F)cc4)c4ccc(C(F)(F)F)cc4)ccc4c2OCO4)OCO3)cc1,C42H24F12O4P2
255,R-4MeO-Segphos,COc1ccc(P(c2ccc(OC)cc2)c2ccc3c(c2-c2c(P(c4ccc(OC)cc4)c4ccc(OC)cc4)ccc4c2OCO4)OCO3)cc1,C42H36O8P2
256,R-4tBu-Segphos,CC(C)(C)c1ccc(P(c2ccc(C(C)(C)C)cc2)c2ccc3c(c2-c2c(P(c4ccc(C(C)(C)C)cc4)c4ccc(C(C)(C)C)cc4)ccc4c2OCO4)OCO3)cc1,C54H60O4P2
257,R-35-4CF3-Segphos,FC(F)(F)c1ccc(-c2cc(-c3ccc(C(F)(F)F)cc3)cc(P(c3cc(-c4ccc(C(F)(F)F)cc4)cc(-c4ccc(C(F)(F)F)cc4)c3)c3ccc4c(c3-c3c(P(c5cc(-c6ccc(C(F)(F)F)cc6)cc(-c6ccc(C(F)(F)F)cc6)c5)c5cc(-c6ccc(C(F)(F)F)cc6)cc(-c6ccc(C(F)(F)F)cc6)c5)ccc5c3OCO5)OCO4)c2)cc1,C94H52F24O4P2
258,R-35-CF3-Segphos,FC(F)(F)c1cc(P(c2cc(C(F)(F)F)cc(C(F)(F)F)c2)c2ccc3c(c2-c2c(P(c4cc(C(F)(F)F)cc(C(F)(F)F)c4)c4cc(C(F)(F)F)cc(C(F)(F)F)c4)ccc4c2OCO4)OCO3)cc(C(F)(F)F)c1,C46H20F24O4P2
259,R-345MeO-BINAP,COc1cc(P(c2cc(OC)c(OC)c(OC)c2)c2ccc3ccccc3c2-c2c(P(c3cc(OC)c(OC)c(OC)c3)c3cc(OC)c(OC)c(OC)c3)ccc3ccccc23)cc(OC)c1OC,C56H56O12P2
260,R-benzodioxole-Segphos,c1cc2c(cc1P(c1ccc3c(c1)OCO3)c1ccc3c(c1-c1c(P(c4ccc5c(c4)OCO5)c4ccc5c(c4)OCO5)ccc4c1OCO4)OCO3)OCO2,C42H28O12P2
261,R-Cy-Garphos,COc1cc(OC)c(-c2c(OC)cc(OC)cc2P(C2CCCCC2)C2CCCCC2)c(P(C2CCCCC2)C2CCCCC2)c1,C40H60O4P2
262,R-DMM-BINAP,COc1c(C)cc(P(c2cc(C)c(OC)c(C)c2)c2ccc3ccccc3c2-c2c(P(c3cc(C)c(OC)c(C)c3)c3cc(C)c(OC)c(C)c3)ccc3ccccc23)cc1C,C56H56O4P2
263,R-DMM-Garphos,COc1cc(OC)c(-c2c(OC)cc(OC)cc2P(c2cc(C)c(OC)c(C)c2)c2cc(C)c(OC)c(C)c2)c(P(c2cc(C)c(OC)c(C)c2)c2cc(C)c(OC)c(C)c2)c1,C52H60O8P2
264,R-DTBM-BINAP,COc1c(C(C)(C)C)cc(P(c2cc(C(C)(C)C)c(OC)c(C(C)(C)C)c2)c2ccc3ccccc3c2-c2c(P(c3cc(C(C)(C)C)c(OC)c(C(C)(C)C)c3)c3cc(C(C)(C)C)c(OC)c(C(C)(C)C)c3)ccc3ccccc23)cc1C(C)(C)C,C80H104O4P2
266,R-Furyl-BINAP,c1coc(P(c2ccco2)c2ccc3ccccc3c2-c2c(P(c3ccco3)c3ccco3)ccc3ccccc23)c1,C36H24O4P2
267,R-IDPA-BINAP,CC(C)c1cc(P(c2cc(C(C)C)c(N(C)C)c(C(C)C)c2)c2ccc3ccccc3c2-c2c(P(c3cc(C(C)C)c(N(C)C)c(C(C)C)c3)c3cc(C(C)C)c(N(C)C)c(C(C)C)c3)ccc3ccccc23)cc(C(C)C)c1N(C)C,C76H100N4P2
268,R-IDPA-Garphos,COc1cc(OC)c(-c2c(OC)cc(OC)cc2P(c2cc(C(C)C)c(N(C)C)c(C(C)C)c2)c2cc(C(C)C)c(N(C)C)c(C(C)C)c2)c(P(c2cc(C(C)C)c(N(C)C)c(C(C)C)c2)c2cc(C(C)C)c(N(C)C)c(C(C)C)c2)c1,C72H104N4O4P2
269,R-MeDA-Garphos,COc1cc(OC)c(-c2c(OC)cc(OC)cc2P(c2cc(C)c(N(C)C)c(C)c2)c2cc(C)c(N(C)C)c(C)c2)c(P(c2cc(C)c(N(C)C)c(C)c2)c2cc(C)c(N(C)C)c(C)c2)c1,C56H72N4O4P2
270,R-oTol-BINAP,Cc1ccccc1P(c1ccccc1C)c1ccc2ccccc2c1-c1c(P(c2ccccc2C)c2ccccc2C)ccc2ccccc12,C48H40P2
271,R-pCF3-Garphos,COc1cc(OC)c(-c2c(OC)cc(OC)cc2P(c2ccc(C(F)(F)F)cc2)c2ccc(C(F)(F)F)cc2)c(P(c2ccc(C(F)(F)F)cc2)c2ccc(C(F)(F)F)cc2)c1,C44H32F12O4P2
272,R-pF-Garphos,COc1cc(OC)c(-c2c(OC)cc(OC)cc2P(c2ccc(F)cc2)c2ccc(F)cc2)c(P(c2ccc(F)cc2)c2ccc(F)cc2)c1,C40H32F4O4P2
273,R-pTol-Garphos,COc1cc(OC)c(-c2c(OC)cc(OC)cc2P(c2ccc(C)cc2)c2ccc(C)cc2)c(P(c2ccc(C)cc2)c2ccc(C)cc2)c1,C44H44O4P2
274,R-tBu-BINAP,CC(C)(C)P(c1ccc2ccccc2c1-c1c(P(C(C)(C)C)C(C)(C)C)ccc2ccccc12)C(C)(C)C,C36H48P2
275,R-tBu-Garphos,COc1cc(OC)c(-c2c(OC)cc(OC)cc2P(C(C)(C)C)C(C)(C)C)c(P(C(C)(C)C)C(C)(C)C)c1,C32H52O4P2
276,R-TES-Segphos,CC[Si](CC)(CC)c1cc(P(c2cc([Si](CC)(CC)CC)cc([Si](CC)(CC)CC)c2)c2ccc3c(c2-c2c(P(c4cc([Si](CC)(CC)CC)cc([Si](CC)(CC)CC)c4)c4cc([Si](CC)(CC)CC)cc([Si](CC)(CC)CC)c4)ccc4c2OCO4)OCO3)cc([Si](CC)(CC)CC)c1,C86H140O4P2Si8
277,R-TMS-Segphos,C[Si](C)(C)c1cc(P(c2cc([Si](C)(C)C)cc([Si](C)(C)C)c2)c2ccc3c(c2-c2c(P(c4cc([Si](C)(C)C)cc([Si](C)(C)C)c4)c4cc([Si](C)(C)C)cc([Si](C)(C)C)c4)ccc4c2OCO4)OCO3)cc([Si](C)(C)C)c1,C62H92O4P2Si8
278,R-Tol-Segphos,Cc1ccc(P(c2ccc(C)cc2)c2ccc3c(c2-c2c(P(c4ccc(C)cc4)c4ccc(C)cc4)ccc4c2OCO4)OCO3)cc1,C42H36O4P2
279,35CF3-BICP,FC(F)(F)c1cc(P(c2cc(C(F)(F)F)cc(C(F)(F)F)c2)[C@@H]2CCC[C@@H]2[C@H]2CCC[C@H]2P(c2cc(C(F)(F)F)cc(C(F)(F)F)c2)c2cc(C(F)(F)F)cc(C(F)(F)F)c2)cc(C(F)(F)F)c1,C42H28F24P2
280,35CF3-Norphos,FC(F)(F)c1cc(P(c2cc(C(F)(F)F)cc(C(F)(F)F)c2)[C@@H]2[C@@H]3C=C[C@@H](C3)[C@H]2P(c2cc(C(F)(F)F)cc(C(F)(F)F)c2)c2cc(C(F)(F)F)cc(C(F)(F)F)c2)cc(C(F)(F)F)c1,C39H20F24P2
281,35tBu-PPhos,COc1cc(P(c2cc(C(C)(C)C)cc(C(C)(C)C)c2)c2cc(C(C)(C)C)cc(C(C)(C)C)c2)c(-c2c(P(c3cc(C(C)(C)C)cc(C(C)(C)C)c3)c3cc(C(C)(C)C)cc(C(C)(C)C)c3)cc(OC)nc2OC)c(OC)n1,C70H98N2O4P2
282,CF3_CataSIumD,FC(F)(F)c1cc(P(c2cc(C(F)(F)F)cc(C(F)(F)F)c2)[C@H]2CN(Cc3ccccc3)C[C@@H]2P(c2cc(C(F)(F)F)cc(C(F)(F)F)c2)c2cc(C(F)(F)F)cc(C(F)(F)F)c2)cc(C(F)(F)F)c1,C43H25F24NP2
283,DiPrM-BIPHUP,COc1c(C(C)C)cc(P(c2cc(C(C)C)c(OC)c(C(C)C)c2)c2cc(C(F)(F)F)cc(C(F)(F)F)c2-c2c(P(c3cc(C(C)C)c(OC)c(C(C)C)c3)c3cc(C(C)C)c(OC)c(C(C)C)c3)cc(C(F)(F)F)cc2C(F)(F)F)cc1C(C)C,C68H80F12O4P2
284,DiPrM-PPhos,COc1cc(P(c2cc(C(C)C)c(OC)c(C(C)C)c2)c2cc(C(C)C)c(OC)c(C(C)C)c2)c(-c2c(P(c3cc(C(C)C)c(OC)c(C(C)C)c3)c3cc(C(C)C)c(OC)c(C(C)C)c3)cc(OC)nc2OC)c(OC)n1,C66H90N2O8P2
285,J008-1_redo,Cc1cc(C)cc(P(c2cc(C)cc(C)c2)[C@H](C)c2c[cH-]cc2P(c2cc(C(F)(F)F)cc(C(F)(F)F)c2)c2cc(C(F)(F)F)cc(C(F)(F)F)c2)c1.[Fe+2].c1cc[cH-]c1,C44H36F12FeP2
286,R-35CF3-C3-Tunephos,FC(F)(F)c1cc(P(c2cc(C(F)(F)F)cc(C(F)(F)F)c2)c2cccc3c2-c2c(cccc2P(c2cc(C(F)(F)F)cc(C(F)(F)F)c2)c2cc(C(F)(F)F)cc(C(F)(F)F)c2)OCCCO3)cc(C(F)(F)F)c1,C47H24F24O2P2
287,SS-35CF3-BDPP,C[C@@H](C[C@H](C)P(c1cc(C(F)(F)F)cc(C(F)(F)F)c1)c1cc(C(F)(F)F)cc(C(F)(F)F)c1)P(c1cc(C(F)(F)F)cc(C(F)(F)F)c1)c1cc(C(F)(F)F)cc(C(F)(F)F)c1,C37H22F24P2
288,SS-35CF3-BPE,FC(F)(F)c1cc([C@@H]2CC[C@@H](c3cc(C(F)(F)F)cc(C(F)(F)F)c3)P2CCP2[C@H](c3cc(C(F)(F)F)cc(C(F)(F)F)c3)CC[C@H]2c2cc(C(F)(F)F)cc(C(F)(F)F)c2)cc(C(F)(F)F)c1,C42H28F24P2
289,R-35CF3-C2-Tunephos,FC(F)(F)c1cc(P(c2cc(C(F)(F)F)cc(C(F)(F)F)c2)c2cccc3c2-c2c(cccc2P(c2cc(C(F)(F)F)cc(C(F)(F)F)c2)c2cc(C(F)(F)F)cc(C(F)(F)F)c2)OCCO3)cc(C(F)(F)F)c1,C46H22F24O2P2
290,R-35CF3-H8BINAP,FC(F)(F)c1cc(P(c2cc(C(F)(F)F)cc(C(F)(F)F)c2)c2ccc3c(c2-c2c(P(c4cc(C(F)(F)F)cc(C(F)(F)F)c4)c4cc(C(F)(F)F)cc(C(F)(F)F)c4)ccc4c2CCCC4)CCCC3)cc(C(F)(F)F)c1,C52H32F24P2
291,RR-35CF3-DIOP,CC1(C)O[C@@H](CP(c2cc(C(F)(F)F)cc(C(F)(F)F)c2)c2cc(C(F)(F)F)cc(C(F)(F)F)c2)[C@H](CP(c2cc(C(F)(F)F)cc(C(F)(F)F)c2)c2cc(C(F)(F)F)cc(C(F)(F)F)c2)O1,C39H24F24O2P2
292,S-35CF3-Phanephos,FC(F)(F)c1cc(P(c2cc(C(F)(F)F)cc(C(F)(F)F)c2)c2cc3ccc2CCc2ccc(c(P(c4cc(C(F)(F)F)cc(C(F)(F)F)c4)c4cc(C(F)(F)F)cc(C(F)(F)F)c4)c2)CC3)cc(C(F)(F)F)c1,C48H26F24P2
293,SS-35CF3-Chiraphos,C[C@@H]([C@H](C)P(c1cc(C(F)(F)F)cc(C(F)(F)F)c1)c1cc(C(F)(F)F)cc(C(F)(F)F)c1)P(c1cc(C(F)(F)F)cc(C(F)(F)F)c1)c1cc(C(F)(F)F)cc(C(F)(F)F)c1,C36H20F24P2
295,S-pCF3-Phanephos,FC(F)(F)c1ccc(P(c2ccc(C(F)(F)F)cc2)c2cc3ccc2CCc2ccc(c(P(c4ccc(C(F)(F)F)cc4)c4ccc(C(F)(F)F)cc4)c2)CC3)cc1,C44H30F12P2
297,RRRR_DiMeBABIPOP,C[C@@H]1Oc2cccc(-c3cccc4c3P(C(C)(C)C)[C@H](C)O4)c2P1C(C)(C)C,C24H32O2P2
298,RRRR_DiPr-BABPIOP,CC(C)[C@@H]1Oc2cccc(-c3cccc4c3P(C(C)(C)C)[C@H](C(C)C)O4)c2P1C(C)(C)C,C28H40O2P2
299,RR-iPr-BPE,CC(C)[C@H]1CC[C@H](C(C)C)P1CCP1[C@@H](C(C)C)CC[C@@H]1C(C)C,C22H44P2
301,RR_Me_BPE,C[C@@H]1CC[C@@H](C)P1CCP1[C@H](C)CC[C@H]1C,C14H28P2
302,RR_iPr_Duphos,CC(C)[C@H]1CC[C@H](C(C)C)P1c1ccccc1P1[C@@H](C(C)C)CC[C@@H]1C(C)C,C26H44P2
303,J015-1,Cc1cc(C)cc(P(c2cc(C)cc(C)c2)[C@H](C)c2c[cH-]cc2P(c2ccco2)c2ccco2)c1.[Fe+2].c1cc[cH-]c1,C36H36FeO2P2
304,RR_BABIPOP,CC(C)(C)P1COc2cccc(-c3cccc4c3P(C(C)(C)C)CO4)c21,C22H28O2P2
305,RR_Et_BPE,CC[C@@H]1CC[C@@H](CC)P1CCP1[C@H](CC)CC[C@H]1CC,C18H36P2
306,S-Phanephos,c1ccc(P(c2ccccc2)c2cc3ccc2CCc2ccc(c(P(c4ccccc4)c4ccccc4)c2)CC3)cc1,C40H34P2
308,S-DTBM-Phanephos,COc1c(C(C)(C)C)cc(P(c2cc(C(C)(C)C)c(OC)c(C(C)(C)C)c2)c2cc3ccc2CCc2ccc(c(P(c4cc(C(C)(C)C)c(OC)c(C(C)(C)C)c4)c4cc(C(C)(C)C)c(OC)c(C(C)(C)C)c4)c2)CC3)cc1C(C)(C)C,C76H106O4P2
309,S-Furyl-Phanephos,c1coc(P(c2ccco2)c2cc3ccc2CCc2ccc(c(P(c4ccco4)c4ccco4)c2)CC3)c1,C32H26O4P2
312,S-oTol-Phanephos,Cc1ccccc1P(c1ccccc1C)c1cc2ccc1CCc1ccc(c(P(c3ccccc3C)c3ccccc3C)c1)CC2,C44H42P2
313,S-pF-Phanephos,Fc1ccc(P(c2ccc(F)cc2)c2cc3ccc2CCc2ccc(c(P(c4ccc(F)cc4)c4ccc(F)cc4)c2)CC3)cc1,C40H30F4P2
314,S-pTol-Phanephos,Cc1ccc(P(c2ccc(C)cc2)c2cc3ccc2CCc2ccc(c(P(c4ccc(C)cc4)c4ccc(C)cc4)c2)CC3)cc1,C44H42P2
315,S-Xyl-Phanephos,Cc1cc(C)cc(P(c2cc(C)cc(C)c2)c2cc3ccc2CCc2ccc(c(P(c4cc(C)cc(C)c4)c4cc(C)cc(C)c4)c2)CC3)c1,C48H50P2
316,35CF3-DPPP,FC(F)(F)c1cc(P(CCCP(c2cc(C(F)(F)F)cc(C(F)(F)F)c2)c2cc(C(F)(F)F)cc(C(F)(F)F)c2)c2cc(C(F)(F)F)cc(C(F)(F)F)c2)cc(C(F)(F)F)c1,C35H18F24P2
318,diEt-diPh-DPPE,CCP(CCP(CC)c1ccccc1)c1ccccc1,C18H24P2
322,Et-DPPP,CCP(CC)CCCP(CC)CC,C11H26P2
325,Ethoxyethyl-DPPE,CCOCCP(CCOCC)CCP(CCOCC)CCOCC,C18H40O4P2
326,F20-DPPE,Fc1c(F)c(F)c(P(CCP(c2c(F)c(F)c(F)c(F)c2F)c2c(F)c(F)c(F)c(F)c2F)c2c(F)c(F)c(F)c(F)c2F)c(F)c1F,C26H4F20P2
327,hexaMeObiphep,COc1cc(P(c2ccccc2)c2ccccc2)c(-c2c(P(c3ccccc3)c3ccccc3)cc(OC)c(OC)c2OC)c(OC)c1OC,C42H40O6P2
328,hydroxybutyl-DPPE,OCCCCP(CCCCO)CCP(CCCCO)CCCCO,C18H40O4P2
329,Indanephos,CCOC(=O)C1(C(=O)OCC)Cc2cc(-c3cc4c(cc3P(c3ccccc3)c3ccccc3)CC(C(=O)OCC)(C(=O)OCC)C4)c(P(c3ccccc3)c3ccccc3)cc2C1,C54H52O8P2
330,J418-1,COc1c(C)cc(P(c2cc(C)c(OC)c(C)c2)c2c[cH-]cc2[C@@H](C)P(c2cc(C)cc(C)c2)c2cc(C)cc(C)c2)cc1C.[Fe+2].c1cc[cH-]c1,C46H52FeO2P2
331,J425-1,COc1c(C)cc(P(c2cc(C)c(OC)c(C)c2)c2c[cH-]cc2[C@@H](C)P(c2ccccc2C)c2ccccc2C)cc1C.[Fe+2].c1cc[cH-]c1,C44H48FeO2P2
332,J452-1,Cc1ccccc1P(c1ccccc1C)[C@H](C)c1c[cH-]cc1P(c1ccco1)c1ccco1.[Fe+2].c1cc[cH-]c1,C34H32FeO2P2
333,Me-DMPP,CP(C)CC(C)(C)CP(C)C,C9H22P2
334,Me-DPPBz,CP(C)c1ccccc1P(C)C,C10H16P2
336,Me-DPPP,CP(C)CCCP(C)C,C7H18P2
337,Me-Ph-DPPB,CP(C)CCCCP(c1ccccc1)c1ccccc1,C18H24P2
338,Me-Ph-DPPP,CP(C)CCCP(c1ccccc1)c1ccccc1,C17H22P2
339,Me-quinoxP,CP(C)c1nc2ccccc2nc1P(C)C,C12H16N2P2
342,Methoxybutyl-DPPE,COCCCP(CCCOC)CCP(CCCOC)CCCOC,C18H40O4P2
344,oF-DPPE,Fc1ccccc1P(CCP(c1ccccc1F)c1ccccc1F)c1ccccc1F,C26H20F4P2
345,oOME-DPPE,COc1ccccc1P(CCP(c1ccccc1OC)c1ccccc1OC)c1ccccc1OC,C30H32O4P2
346,oSMe-DPPE,CSc1ccccc1P(CCP(c1ccccc1SC)c1ccccc1SC)c1ccccc1SC,C30H32P2S4
347,pMe2N-DPPE,CN(C)c1ccc(P(CCP(c2ccc(N(C)C)cc2)c2ccc(N(C)C)cc2)c2ccc(N(C)C)cc2)cc1,C34H44N4P2
348,pOMe-DPPE,COc1ccc(P(CCP(c2ccc(OC)cc2)c2ccc(OC)cc2)c2ccc(OC)cc2)cc1,C30H32O4P2
349,pOMe-DPPP,COc1ccc(P(CCCP(c2ccc(OC)cc2)c2ccc(OC)cc2)c2ccc(OC)cc2)cc1,C31H34O4P2
350,pSMe-DPPE,CSc1ccc(P(CCP(c2ccc(SC)cc2)c2ccc(SC)cc2)c2ccc(SC)cc2)cc1,C30H32P2S4
351,R-BINAM-P,c1ccc(P(Nc2ccc3ccccc3c2-c2c(NP(c3ccccc3)c3ccccc3)ccc3ccccc23)c2ccccc2)cc1,C44H34N2P2
352,RR-DIPAMP,COc1ccccc1P(CCP(c1ccccc1)c1ccccc1OC)c1ccccc1,C28H28O2P2
353,RR-oTol-DIPAMP,Cc1ccccc1P(CCP(c1ccccc1)c1ccccc1C)c1ccccc1,C28H28P2
354,SSSS-MeO-BIBOP,COc1cccc2c1P(C(C)(C)C)[C@H]([C@@H]1Oc3cccc(OC)c3P1C(C)(C)C)O2,C24H32O4P2
356,tBu-MeO-POP,COc1cccc2c1P(C(C)(C)C)[C@H](P(C(C)(C)C)C(C)(C)C)O2,C20H34O2P2
357,tetraphenyl-diazadiphosphocane-dicarboxylate,O=C(O)c1cccc(N2CP(c3ccccc3)CN(c3cccc(C(=O)O)c3)CP(c3ccccc3)C2)c1,C30H28N2O4P2
359,W041-1,C[C@H](c1[cH-]ccc1-c1ccccc1P(C(C)(C)C)C(C)(C)C)P(c1cc(C(F)(F)F)cc(C(F)(F)F)c1)c1cc(C(F)(F)F)cc(C(F)(F)F)c1.[Fe+2].c1cc[cH-]c1,C42H40F12FeP2
360,W042-1,COc1ccc(P(c2ccc(OC)cc2)c2ccccc2-c2cc[cH-]c2[C@@H](C)P(C2CCCCC2)C2CCCCC2)cc1.[Fe+2].c1cc[cH-]c1,C44H52FeO2P2
361,W043-1,C[C@H](c1c[cH-]cc1-c1ccccc1P(c1cc(C(C)(C)C)cc(C(C)(C)C)c1)c1cc(C(C)(C)C)cc(C(C)(C)C)c1)P(C1CCCCC1)C1CCCCC1.[Fe+2].c1cc[cH-]c1,C58H80FeP2
362,W044-1,COc1c(C)cc(P(c2cc(C)c(OC)c(C)c2)c2ccccc2-c2cc[cH-]c2[C@@H](C)P(C2CCCCC2)C2CCCCC2)cc1C.[Fe+2].c1cc[cH-]c1,C48H60FeO2P2
363,W045-1_SS,CC(C)Oc1ccccc1P(c1ccccc1OC(C)C)c1ccccc1-c1cc[cH-]c1[C@@H](C)P([C@H]1C[C@@H]2CC[C@H]1C2)[C@H]1C[C@@H]2CC[C@H]1C2.[Fe+2].c1cc[cH-]c1,C50H60FeO2P2
364,W046-1,CC(C)Oc1ccccc1P(c1ccccc1OC(C)C)c1ccccc1-c1cc[cH-]c1[C@@H](C)P(C1CCCCC1)C1CCCCC1.[Fe+2].c1cc[cH-]c1,C48H60FeO2P2
367,W048-1_SR,Cc1ccccc1P(c1ccccc1C)c1ccccc1-c1cc[cH-]c1[C@@H](C)P([C@H]1C[C@@H]2CC[C@H]1C2)[C@@H]1C[C@@H]2CC[C@H]1C2.[Fe+2].c1cc[cH-]c1,C46H52FeP2
368,W048-1_SS,Cc1ccccc1P(c1ccccc1C)c1ccccc1-c1cc[cH-]c1[C@@H](C)P([C@H]1C[C@@H]2CC[C@H]1C2)[C@H]1C[C@@H]2CC[C@H]1C2.[Fe+2].c1cc[cH-]c1,C46H52FeP2
369,W049-1,Cc1ccccc1P(c1ccccc1C)c1ccccc1-c1cc[cH-]c1[C@@H](C)P(C1CCCCC1)C1CCCCC1.[Fe+2].c1cc[cH-]c1,C44H52FeP2
370,W050-1,CC(C)(C)P([C@@H](c1c(c2c(P(c3ccccc3C)c4ccccc4C)cccc2)cc[cH-]1)C)C(C)(C)C.[Fe+2].c5c[cH-]cc5,C40H48FeP2
371,W051-1_RR,C[C@H](c1[cH-]ccc1-c1ccccc1P(c1ccco1)c1ccco1)P([C@@H]1C[C@@H]2CC[C@H]1C2)[C@@H]1C[C@@H]2CC[C@H]1C2.[Fe+2].c1cc[cH-]c1,C40H44FeO2P2
373,W051-1_SR,C[C@H](c1[cH-]ccc1-c1ccccc1P(c1ccco1)c1ccco1)P([C@H]1C[C@@H]2CC[C@H]1C2)[C@@H]1C[C@@H]2CC[C@H]1C2.[Fe+2].c1cc[cH-]c1,C40H44FeO2P2
374,W051-1_SS,C[C@H](c1[cH-]ccc1-c1ccccc1P(c1ccco1)c1ccco1)P([C@H]1C[C@@H]2CC[C@H]1C2)[C@H]1C[C@@H]2CC[C@H]1C2.[Fe+2].c1cc[cH-]c1,C40H44FeO2P2
375,W052-1,C[C@H](c1[cH-]ccc1-c1ccccc1P(c1ccco1)c1ccco1)P(C1CCCCC1)C1CCCCC1.[Fe+2].c1cc[cH-]c1,C38H44FeO2P2
376,W053-1,C[C@H](c1[cH-]ccc1-c1ccccc1P(c1ccco1)c1ccco1)P(C(C)(C)C)C(C)(C)C.[Fe+2].c1cc[cH-]c1,C34H40FeO2P2
377,W054-1,C[C@H](c1[cH-]ccc1-c1ccccc1P(c1cc(C(F)(F)F)cc(C(F)(F)F)c1)c1cc(C(F)(F)F)cc(C(F)(F)F)c1)P1[C@@]2(C)C[C@@]3(C)O[C@]1(C)C[C@@](C)(O2)O3.[Fe+2].c1cc[cH-]c1,C44H38F12FeO3P2
379,W056-1,C[C@H](c1[cH-]ccc1-c1ccccc1P(c1cc(C(F)(F)F)cc(C(F)(F)F)c1)c1cc(C(F)(F)F)cc(C(F)(F)F)c1)P(C1CCCC1)C1CCCC1.[Fe+2].c1cc[cH-]c1,C44H40F12FeP2
380,W057-1,C[C@H](c1[cH-]ccc1-c1ccccc1P(C1CCCCC1)C1CCCCC1)P(C1CCCC1)C1CCCC1.[Fe+2].c1cc[cH-]c1,C40H56FeP2
381,W058-1,CC(C)CP(CC(C)C)[C@H](C)c1[cH-]ccc1-c1ccccc1P(c1cc(C(F)(F)F)cc(C(F)(F)F)c1)c1cc(C(F)(F)F)cc(C(F)(F)F)c1.[Fe+2].c1cc[cH-]c1,C42H40F12FeP2
382,W059-1,CC(C)CP(CC(C)C)[C@H](C)c1[cH-]ccc1-c1ccccc1P(C1CCCCC1)C1CCCCC1.[Fe+2].c1cc[cH-]c1,C38H56FeP2
383,W060-1,CC(C)P(C(C)C)[C@H](C)c1[cH-]ccc1-c1ccccc1P(c1cc(C(F)(F)F)cc(C(F)(F)F)c1)c1cc(C(F)(F)F)cc(C(F)(F)F)c1.[Fe+2].c1cc[cH-]c1,C40H36F12FeP2
384,W061-1,CC(C)P(C(C)C)[C@H](C)c1[cH-]ccc1-c1ccccc1P(C1CCCCC1)C1CCCCC1.[Fe+2].c1cc[cH-]c1,C36H52FeP2
386,W063/H-1,C[C@H](c1[cH-]ccc1-c1ccccc1P(C1CCCC1)C1CCCC1)P(C1CCCCC1)C1CCCCC1.[Fe+2].c1cc[cH-]c1,C40H56FeP2
387,W064-1_RR,COc1c(C(C)(C)C)cc(P(c2cc(C(C)(C)C)c(OC)c(C(C)(C)C)c2)c2ccccc2-c2cc[cH-]c2[C@@H](C)P([C@@H]2C[C@@H]3CC[C@H]2C3)[C@@H]2C[C@@H]3CC[C@H]2C3)cc1C(C)(C)C.[Fe+2].c1cc[cH-]c1,C62H84FeO2P2
389,W065-1,COc1c(C(C)(C)C)cc(P(c2cc(C(C)(C)C)c(OC)c(C(C)(C)C)c2)c2ccccc2-c2cc[cH-]c2[C@@H](C)P(C2CCCCC2)C2CCCCC2)cc1C(C)(C)C.[Fe+2].c1cc[cH-]c1,C60H84FeO2P2
390,W066-1,COc1c(C(C)(C)C)cc(P(c2cc(C(C)(C)C)c(OC)c(C(C)(C)C)c2)c2ccccc2-c2cc[cH-]c2[C@@H](C)P(C(C)(C)C)C(C)(C)C)cc1C(C)(C)C.[Fe+2].c1cc[cH-]c1,C56H80FeO2P2
391,S_5_CN_BINAP,N#Cc1cccc2c(-c3c(P(c4ccccc4)c4ccccc4)ccc4c(C#N)cccc34)c(P(c3ccccc3)c3ccccc3)ccc12,C46H30N2P2
392,R_SynPhos,c1ccc(P(c2ccccc2)c2ccc3c(c2-c2c(P(c4ccccc4)c4ccccc4)ccc4c2OCCO4)OCCO3)cc1,C40H32O4P2
394,R_Xyl_P_Phos,COc1cc(P(c2cc(C)cc(C)c2)c2cc(C)cc(C)c2)c(-c2c(P(c3cc(C)cc(C)c3)c3cc(C)cc(C)c3)cc(OC)nc2OC)c(OC)n1,C46H50N2O4P2
395,R_Cy_SoniPhos,O=C(Oc1cccc(P(c2ccccc2)c2ccccc2)c1-c1c(OC(=O)C2CCCCC2)cccc1P(c1ccccc1)c1ccccc1)C1CCCCC1,C50H48O4P2
396,R_3_Br_BINAP,Brc1cc(P(c2ccccc2)c2ccccc2)c(-c2c(P(c3ccccc3)c3ccccc3)cc(Br)c3ccccc23)c2ccccc12,C44H30Br2P2
397,R_3_C8F17_BINAP,FC(F)(F)C(F)(F)C(F)(F)C(F)(F)C(F)(F)C(F)(F)C(F)(F)C(F)(F)c1cc(P(c2ccccc2)c2ccccc2)c(-c2c(P(c3ccccc3)c3ccccc3)cc(C(F)(F)C(F)(F)C(F)(F)C(F)(F)C(F)(F)C(F)(F)C(F)(F)C(F)(F)F)c3ccccc23)c2ccccc12,C60H30F34P2
398,R_3_CN_BINAP,N#Cc1cc(P(c2ccccc2)c2ccccc2)c(-c2c(P(c3ccccc3)c3ccccc3)cc(C#N)c3ccccc23)c2ccccc12,C46H30N2P2
399,R_3_Me_BINAP,Cc1cc(P(c2ccccc2)c2ccccc2)c(-c2c(P(c3ccccc3)c3ccccc3)cc(C)c3ccccc23)c2ccccc12,C46H36P2
400,R_BINAP_pNMe2,CN(C)c1ccc(P(c2ccc(N(C)C)cc2)c2ccc3ccccc3c2-c2c(P(c3ccc(N(C)C)cc3)c3ccc(N(C)C)cc3)ccc3ccccc23)cc1,C52H52N4P2
401,R_BINAP_pOH,Oc1ccc(P(c2ccc(O)cc2)c2ccc3ccccc3c2-c2c(P(c3ccc(O)cc3)c3ccc(O)cc3)ccc3ccccc23)cc1,C44H32O4P2
402,S_5_Ph_BINAP,c1ccc(-c2cccc3c(-c4c(P(c5ccccc5)c5ccccc5)ccc5c(-c6ccccc6)cccc45)c(P(c4ccccc4)c4ccccc4)ccc23)cc1,C56H40P2
403,S_5_CH3_BINAP,Cc1cccc2c(-c3c(P(c4ccccc4)c4ccccc4)ccc4c(C)cccc34)c(P(c3ccccc3)c3ccccc3)ccc12,C46H36P2
404,S_5_CH2NH2_BINAP,NCc1cccc2c(-c3c(P(c4ccccc4)c4ccccc4)ccc4c(CN)cccc34)c(P(c3ccccc3)c3ccccc3)ccc12,C46H38N2P2
405,S_5_Br_BINAP,Brc1cccc2c(-c3c(P(c4ccccc4)c4ccccc4)ccc4c(Br)cccc34)c(P(c3ccccc3)c3ccccc3)ccc12,C44H30Br2P2
406,S_3_Ph_BINAP,c1ccc(-c2cc(P(c3ccccc3)c3ccccc3)c(-c3c(P(c4ccccc4)c4ccccc4)cc(-c4ccccc4)c4ccccc34)c3ccccc23)cc1,C56H40P2
407,S_3_COOH_BINAP,O=C(O)c1cc(P(c2ccccc2)c2ccccc2)c(-c2c(P(c3ccccc3)c3ccccc3)cc(C(=O)O)c3ccccc23)c2ccccc12,C46H32O4P2
409,SS_MePhP2Ph,CP(c1ccccc1)c1ccccc1P(C)c1ccccc1,C20H20P2
410,J204_1,C[C@H](c1c[cH-]cc1P(c1ccc(C(F)(F)F)cc1)c1ccc(C(F)(F)F)cc1)P(C1CCCCC1)C1CCCCC1.[Fe+2].c1cc[cH-]c1,C38H42F6FeP2
413,J417_1,Cc1cc(C)cc(P(c2cc(C)cc(C)c2)[C@H](C)c2c[cH-]cc2P(c2ccccc2C)c2ccccc2C)c1.[Fe+2].c1cc[cH-]c1,C42H44FeP2
414,J507_1,CCP(CC)c1c[cH-]cc1[C@@H](C)P(c1cc(C)cc(C)c1)c1cc(C)cc(C)c1.[Fe+2].c1cc[cH-]c1,C32H40FeP2
416,S_6_C12H25_BINAP_pOH,CCCCCCCCCCCCc1ccc2c(-c3c(P(c4ccc(O)cc4)c4ccc(O)cc4)ccc4cc(CCCCCCCCCCCC)ccc34)c(P(c3ccc(O)cc3)c3ccc(O)cc3)ccc2c1,C68H80O4P2
417,S_5_C10F21_BINAP,FC(F)(F)C(F)(F)C(F)(F)C(F)(F)C(F)(F)C(F)(F)C(F)(F)C(F)(F)C(F)(F)C(F)(F)c1cccc2c(-c3c(P(c4ccccc4)c4ccccc4)ccc4c(C(F)(F)C(F)(F)C(F)(F)C(F)(F)C(F)(F)C(F)(F)C(F)(F)C(F)(F)C(F)(F)C(F)(F)F)cccc34)c(P(c3ccccc3)c3ccccc3)ccc12,C64H30F42P2
419,Ferrotane,CC[C@@H]1C[C@@H](CC)P1c1cc[cH-]c1.CC[C@@H]1C[C@@H](CC)P1c1cc[cH-]c1.[Fe+2],C24H36FeP2
420,SS_BPPM,CC(C)(C)OC(=O)N1C[C@@H](P(c2ccccc2)c2ccccc2)C[C@H]1CP(c1ccccc1)c1ccccc1,C34H37NO2P2
421,M012,Cc1ccccc1P(c1ccccc1C)c1c[cH-]cc1[C@@H](c1ccccc1)N(C)C.Cc1ccccc1P(c1ccccc1C)c1ccc[c-]1[C@@H](c1ccccc1)N(C)C.[Fe+2],C56H58FeN2P2
422,J220_1,COc1c(C)cc(P(c2cc(C)c(OC)c(C)c2)c2c[cH-]cc2[C@@H](C)P(C2CCCC2)C2CCCC2)cc1C.[Fe+2].c1cc[cH-]c1,C40H52FeO2P2
424,Xyl-Xantphos,Cc1cc(C)cc(P(c2cc(C)cc(C)c2)c2cccc3c2Oc2c(P(c4cc(C)cc(C)c4)c4ccc(C)cc4C)cccc2C3(C)C)c1,C47H48OP2
425,Xyl-DPEPhos,Cc1cc(C)cc(P(c2cc(C)cc(C)c2)c2ccccc2Oc2ccccc2P(c2cc(C)cc(C)c2)c2cc(C)cc(C)c2)c1,C44H44OP2
426,SS-DTBM-Chiraphos,COc1c(C(C)(C)C)cc(P(c2cc(C(C)(C)C)c(OC)c(C(C)(C)C)c2)[C@@H](C)[C@H](C)P(c2cc(C(C)(C)C)c(OC)c(C(C)(C)C)c2)c2cc(C(C)(C)C)c(OC)c(C(C)(C)C)c2)cc1C(C)(C)C,C64H100O4P2
427,SS-pTol-Chiraphos,Cc1ccc(P(c2ccc(C)cc2)[C@@H](C)[C@H](C)P(c2ccc(C)cc2)c2ccc(C)cc2)cc1,C32H36P2
429,SS-pF-Chiraphos,C[C@@H]([C@H](C)P(c1ccc(F)cc1)c1ccc(F)cc1)P(c1ccc(F)cc1)c1ccc(F)cc1,C28H24F4P2
430,SS-oTol-Chiraphos,Cc1ccccc1P(c1ccccc1C)[C@@H](C)[C@H](C)P(c1ccccc1C)c1ccccc1C,C32H36P2
432,SS-Xyl-Chiraphos,Cc1cc(C)cc(P(c2cc(C)cc(C)c2)[C@@H](C)[C@H](C)P(c2cc(C)cc(C)c2)c2cc(C)cc(C)c2)c1,C36H44P2
433,SS-MeDA-Chiraphos,Cc1cc(P(c2cc(C)c(N(C)C)c(C)c2)[C@@H](C)[C@H](C)P(c2cc(C)c(N(C)C)c(C)c2)c2cc(C)c(N(C)C)c(C)c2)cc(C)c1N(C)C,C44H64N4P2
434,SS-IPDA-Chiraphos,CC(C)c1cc(P(c2cc(C(C)C)c(N(C)C)c(C(C)C)c2)[C@@H](C)[C@H](C)P(c2cc(C(C)C)c(N(C)C)c(C(C)C)c2)c2cc(C(C)C)c(N(C)C)c(C(C)C)c2)cc(C(C)C)c1N(C)C,C60H96N4P2
435,SS-Cy-Chiraphos,C[C@@H]([C@H](C)P(C1CCCCC1)C1CCCCC1)P(C1CCCCC1)C1CCCCC1,C28H52P2
436,SS-Furyl-Chiraphos,C[C@@H]([C@H](C)P(c1ccco1)c1ccco1)P(c1ccco1)c1ccco1,C20H20O4P2
437,SS-345MeO-Chiraphos,COc1cc(P(c2cc(OC)c(OC)c(OC)c2)[C@@H](C)[C@H](C)P(c2cc(OC)c(OC)c(OC)c2)c2cc(OC)c(OC)c(OC)c2)cc(OC)c1OC,C40H52O12P2
438,RR-pCF3-DIOP,CC1(C)O[C@@H](CP(c2ccc(C(F)(F)F)cc2)c2ccc(C(F)(F)F)cc2)[C@H](CP(c2ccc(C(F)(F)F)cc2)c2ccc(C(F)(F)F)cc2)O1,C35H28F12O2P2
439,R-Xyl-H8BINAP,Cc1cc(C)cc(P(c2cc(C)cc(C)c2)c2ccc3c(c2-c2c(P(c4cc(C)cc(C)c4)c4cc(C)cc(C)c4)ccc4c2CCCC4)CCCC3)c1,C52H56P2
440,oTol-Xantphos,Cc1ccccc1P(c1ccccc1C)c1cccc2c1Oc1c(P(c3ccccc3C)c3ccccc3C)cccc1C2(C)C,C43H40OP2
441,iPr-Xantphos,CC(C)P(c1cccc2c1Oc1c(P(C(C)C)C(C)C)cccc1C2(C)C)C(C)C,C27H40OP2
442,R-pTol-H8BINAP,Cc1ccc(P(c2ccc(C)cc2)c2ccc3c(c2-c2c(P(c4ccc(C)cc4)c4ccc(C)cc4)ccc4c2CCCC4)CCCC3)cc1,C48H48P2
444,R-pTol-C2-Tuneophos,Cc1ccc(P(c2ccc(C)cc2)c2cccc3c2-c2c(cccc2P(c2ccc(C)cc2)c2ccc(C)cc2)OCCO3)cc1,C42H38O2P2
445,R-pCF3-H8BINAP,FC(F)(F)c1ccc(P(c2ccc(C(F)(F)F)cc2)c2ccc3c(c2-c2c(P(c4ccc(C(F)(F)F)cc4)c4ccc(C(F)(F)F)cc4)ccc4c2CCCC4)CCCC3)cc1,C48H36F12P2
446,R-pCF3-C2-Tunephos,FC(F)(F)c1ccc(P(c2ccc(C(F)(F)F)cc2)c2cccc3c2-c2c(cccc2P(c2ccc(C(F)(F)F)cc2)c2ccc(C(F)(F)F)cc2)OCCO3)cc1,C42H26F12O2P2
447,R-oTol-H8BINAP,Cc1ccccc1P(c1ccccc1C)c1ccc2c(c1-c1c(P(c3ccccc3C)c3ccccc3C)ccc3c1CCCC3)CCCC2,C48H48P2
448,R-oTol-C2-Tunephos,Cc1ccccc1P(c1ccccc1C)c1cccc2c1-c1c(ccc(C)c1P(c1ccccc1)c1ccccc1C)OCCO2,C42H38O2P2
449,R-MeDA-H8BINAP,Cc1cc(P(c2cc(C)c(N(C)C)c(C)c2)c2ccc3c(c2-c2c(P(c4cc(C)c(N(C)C)c(C)c4)c4cc(C)c(N(C)C)c(C)c4)ccc4c2CCCC4)CCCC3)cc(C)c1N(C)C,C60H76N4P2
450,R-MeDA-C2-Tunephos,Cc1cc(P(c2cc(C)c(N(C)C)c(C)c2)c2cccc3c2-c2c(cccc2P(c2cc(C)c(N(C)C)c(C)c2)c2cc(C)c(N(C)C)c(C)c2)OCCO3)cc(C)c1N(C)C,C54H66N4O2P2
451,R-IDPA-H8BINAP,CC(C)c1cc(P(c2cc(C(C)C)c(N(C)C)c(C(C)C)c2)c2ccc3c(c2-c2c(P(c4cc(C(C)C)c(N(C)C)c(C(C)C)c4)c4cc(C(C)C)c(N(C)C)c(C(C)C)c4)ccc4c2CCCC4)CCCC3)cc(C(C)C)c1N(C)C,C76H108N4P2
452,R-IDPA-C2-Tunephos,CC(C)c1cc(P(c2cc(C(C)C)c(N(C)C)c(C(C)C)c2)c2cccc3c2-c2c(cccc2P(c2cc(C(C)C)c(N(C)C)c(C(C)C)c2)c2cc(C(C)C)c(N(C)C)c(C(C)C)c2)OCCO3)cc(C(C)C)c1N(C)C,C70H98N4O2P2
453,R-Furyl-H8BINAP,c1coc(P(c2ccco2)c2ccc3c(c2-c2c(P(c4ccco4)c4ccco4)ccc4c2CCCC4)CCCC3)c1,C36H32O4P2
454,R-DTBM-H8BINAP,COc1c(C(C)(C)C)cc(P(c2cc(C(C)(C)C)c(OC)c(C(C)(C)C)c2)c2ccc3c(c2-c2c(P(c4cc(C(C)(C)C)c(OC)c(C(C)(C)C)c4)c4cc(C(C)(C)C)c(OC)c(C(C)(C)C)c4)ccc4c2CCCC4)CCCC3)cc1C(C)(C)C,C80H112O4P2
455,R-DTBM-C2-Tunephos,COc1c(C(C)(C)C)cc(P(c2cc(C(C)(C)C)c(OC)c(C(C)(C)C)c2)c2cccc3c2-c2c(cccc2P(c2cc(C(C)(C)C)c(OC)c(C(C)(C)C)c2)c2cc(C(C)(C)C)c(OC)c(C(C)(C)C)c2)OCCO3)cc1C(C)(C)C,C74H102O6P2
456,R-DMM-H8BINAP,COc1c(C)cc(P(c2cc(C)c(OC)c(C)c2)c2ccc3c(c2-c2c(P(c4cc(C)c(OC)c(C)c4)c4cc(C)c(OC)c(C)c4)ccc4c2CCCC4)CCCC3)cc1C,C56H64O4P2
457,R-DMM-C2-Tunephos,COc1c(C)cc(P(c2cc(C)c(OC)c(C)c2)c2cccc3c2-c2c(cccc2P(c2cc(C)c(OC)c(C)c2)c2cc(C)c(OC)c(C)c2)OCCO3)cc1C,C50H54O6P2
458,R-Cy-H8BINAP,c1cc(P(C2CCCCC2)C2CCCCC2)c(-c2c(P(C3CCCCC3)C3CCCCC3)ccc3c2CCCC3)c2c1CCCC2,C44H64P2
459,R-Cy-C2-Tunephos,c1cc2c(c(P(C3CCCCC3)C3CCCCC3)c1)-c1c(cccc1P(C1CCCCC1)C1CCCCC1)OCCO2,C38H54O2P2
461,R-345Meo-C2-Tunephos,COc1cc(P(c2cc(OC)c(OC)c(OC)c2)c2cccc3c2-c2c(cccc2P(c2cc(OC)c(OC)c(OC)c2)c2cc(OC)c(OC)c(OC)c2)OCCO3)cc(OC)c1OC,C50H54O14P2
462,MeDA-Xantphos,Cc1cc(P(c2cc(C)c(N(C)C)c(C)c2)c2cccc3c2Oc2c(P(c4cc(C)c(N(C)C)c(C)c4)c4cc(C)c(N(C)C)c(C)c4)cccc2C3(C)C)cc(C)c1N(C)C,C55H68N4OP2
463,Furyl-Xantphos,CC1(C)c2cccc(P(c3ccco3)c3ccco3)c2Oc2c(P(c3ccco3)c3ccco3)cccc21,C31H24O5P2
464,DTBM-Xantphos,COc1c(C(C)(C)C)cc(P(c2cc(C(C)(C)C)c(OC)c(C(C)(C)C)c2)c2cccc3c2Oc2c(P(c4cc(C(C)(C)C)c(OC)c(C(C)(C)C)c4)c4cc(C(C)(C)C)c(OC)c(C(C)(C)C)c4)cccc2C3(C)C)cc1C(C)(C)C,C75H104O5P2
465,35CF3-Xantphos,CC1(C)c2cccc(P(c3cc(C(F)(F)F)cc(C(F)(F)F)c3)c3cc(C(F)(F)F)cc(C(F)(F)F)c3)c2Oc2c(P(c3cc(C(F)(F)F)cc(C(F)(F)F)c3)c3cc(C(F)(F)F)cc(C(F)(F)F)c3)cccc21,C47H24F24OP2
466,345MeO-Xantphos,COc1cc(P(c2cc(OC)c(OC)c(OC)c2)c2cccc3c2Oc2c(P(c4cc(OC)c(OC)c(OC)c4)c4cc(OC)c(OC)c(OC)c4)cccc2C3(C)C)cc(OC)c1OC,C51H56O13P2
467,tBuPh_dppf,CC(C)(C)P(c1cc[cH-]c1)C(C)(C)C.[Fe+2].c1ccc(P(c2ccccc2)c2cc[cH-]c2)cc1,C30H36FeP2
468,dtbupf,CC(C)(C)P(c1cc[cH-]c1)C(C)(C)C.CC(C)(C)P(c1ccc[cH-]1)C(C)(C)C.[Fe+2],C26H44FeP2
469,dippf,CC(C)P([c-]1cccc1)C(C)C.CC(C)P(c1cc[cH-]c1)C(C)C.[Fe+2],C22H36FeP2
470,dcypf,[Fe+2].c1cc(P(C2CCCCC2)C2CCCCC2)c[cH-]1.c1cc[c-](P(C2CCCCC2)C2CCCCC2)c1,C34H52FeP2
472,SS-Benzobisdiazaphos,O=C(NCc1ccccc1)c1ccccc1[C@H]1n2c(=O)c3ccccc3c(=O)n2[C@H](c2ccccc2C(=O)NCc2ccccc2)P1c1ccccc1P1[C@@H](c2ccccc2C(=O)NCc2ccccc2)n2c(=O)c3ccccc3c(=O)n2[C@@H]1c1ccccc1C(=O)NCc1ccccc1,C82H64N8O8P2
473,ICT12073B,Cc1c(P(C(C)C)C(C)C)n(-p2oc3c(-c4ccccc4)cc4ccccc4c3c3c(o2)c(-c2ccccc2)cc2ccccc23)c2ccccc12,C47H41NO2P2
474,fc-binapine,[Fe+2].c1c[cH-]c(P2Cc3ccc4ccccc4c3-c3c(ccc4ccccc34)C2)c1.c1ccc2c3c(ccc2c1)CP(c1cc[cH-]c1)Cc1ccc2ccccc2c1-3,C54H40FeP2
475,RRS-Bisdiazaphos,C[C@H](NC(=O)c1ccccc1[C@@H]1N2C(=O)CCC(=O)N2[C@@H](c2ccccc2C(=O)N[C@@H](C)c2ccccc2)P1c1ccccc1P1[C@H](c2ccccc2C(=O)N[C@@H](C)c2ccccc2)N2C(=O)CCC(=O)N2[C@H]1c1ccccc1C(=O)N[C@@H](C)c1ccccc1)c1ccccc1,C78H72N8O8P2
476,SS-Bisdiazaphos,O=C(NCc1ccccc1)c1ccccc1[C@H]1N2C(=O)CCC(=O)N2[C@H](c2ccccc2C(=O)NCc2ccccc2)P1c1ccccc1P1[C@@H](c2ccccc2C(=O)NCc2ccccc2)N2C(=O)CCC(=O)N2[C@@H]1c1ccccc1C(=O)NCc1ccccc1,C74H64N8O8P2
477,SSS-Benzobisdiazaphos,C[C@H](NC(=O)c1ccccc1[C@H]1n2c(=O)c3ccccc3c(=O)n2[C@H](c2ccccc2C(=O)N[C@@H](C)c2ccccc2)P1c1ccccc1P1[C@@H](c2ccccc2C(=O)N[C@@H](C)c2ccccc2)n2c(=O)c3ccccc3c(=O)n2[C@@H]1c1ccccc1C(=O)N[C@@H](C)c1ccccc1)c1ccccc1,C86H72N8O8P2
478,SSS-Bisdiazaphos,C[C@H](NC(=O)c1ccccc1[C@H]1N2C(=O)CCC(=O)N2[C@H](c2ccccc2C(=O)N[C@@H](C)c2ccccc2)P1c1ccccc1P1[C@@H](c2ccccc2C(=O)N[C@@H](C)c2ccccc2)N2C(=O)CCC(=O)N2[C@@H]1c1ccccc1C(=O)N[C@@H](C)c1ccccc1)c1ccccc1,C78H72N8O8P2
479,J009-1,C[C@H](c1c[cH-]cc1P(C1CCCCC1)C1CCCCC1)P(C(C)(C)C)C(C)(C)C.[Fe+2].c1cc[cH-]c1,C32H52FeP2
480,RR-Et-BPF,CC[C@@H]1CC[C@@H](CC)P1c1cc[cH-]c1.CC[C@@H]1CC[C@@H](CC)P1c1cc[cH-]c1.[Fe+2],C26H40FeP2
481,SS-iPr-BPF,CC(C)[C@@H]1CC[C@@H](C(C)C)P1[c-]1cccc1.CC(C)[C@@H]1CC[C@@H](C(C)C)P1c1ccc[cH-]1.[Fe+2],C30H48FeP2
482,RRS-Benzobisdiazaphos,C[C@H](NC(=O)c1ccccc1[C@@H]1n2c(=O)c3ccccc3c(=O)n2[C@@H](c2ccccc2C(=O)N[C@@H](C)c2ccccc2)P1c1ccccc1P1[C@H](c2ccccc2C(=O)N[C@@H](C)c2ccccc2)n2c(=O)c3ccccc3c(=O)n2[C@H]1c1ccccc1C(=O)N[C@@H](C)c1ccccc1)c1ccccc1,C86H72N8O8P2
483,ICT10054B,COc1cc2ccccc2c2c1op(-n1c(P(C(C)C)C(C)C)c(C)c3ccccc31)oc1c(OC)cc3ccccc3c12,C37H37NO4P2
485,ICT12078B,Cc1ccccc1P(c1ccccc1C)c1c(C)c2ccccc2n1-p1oc2ccc3ccccc3c2c2c(ccc3ccccc32)o1,C43H33NO2P2
487,J003-1,C[C@H](c1[cH-]ccc1P(C1CCCCC1)C1CCCCC1)P(C1CCCCC1)C1CCCCC1.[Fe+2].c1cc[cH-]c1,C36H56FeP2
488,ICT10042B,Cc1c(P(c2ccccc2)c2ccccc2)n(-p2oc3ccc4ccccc4c3c3c(ccc4ccccc43)o2)c2ccccc12,C41H29NO2P2
489,ICT10044B,Cc1c(P(C(C)C)C(C)C)n(-p2oc3c(C)cc4ccccc4c3c3c(o2)c(C)cc2ccccc23)c2ccccc12,C37H37NO2P2
491,35TMS-4F-phanephos,C[Si](C)(C)c1cc(P(c2cc([Si](C)(C)C)c(F)c([Si](C)(C)C)c2)c2cc3ccc2CCc2ccc(c(P(c4cc([Si](C)(C)C)c(F)c([Si](C)(C)C)c4)c4cc([Si](C)(C)C)c(F)c([Si](C)(C)C)c4)c2)CC3)cc([Si](C)(C)C)c1F,C64H94F4P2Si8
493,DPPBz,c1ccc(P(c2ccccc2)c2ccccc2P(c2ccccc2)c2ccccc2)cc1,C30H24P2
494,M000-1-OMePy,COc1cc(P(c2cc(OC)nc(OC)c2)c2c[cH-]cc2[C@@H](c2ccccc2)N(C)C)cc(OC)n1.COc1cc(P(c2cc(OC)nc(OC)c2)c2ccc[c-]2[C@@H](c2ccccc2)N(C)C)cc(OC)n1.[Fe+2],C56H62FeN6O8P2
495,M000-1-oTol,Cc1ccccc1P(c1ccccc1C)c1[cH-]ccc1[C@@H](c1ccccc1)N(C)C.Cc1ccccc1P(c1ccccc1C)c1ccc[c-]1[C@@H](c1ccccc1)N(C)C.[Fe+2],C56H58FeN2P2
496,M000-1-pOMe,COc1ccc(P(c2ccc(OC)cc2)c2[cH-]ccc2[C@@H](c2ccccc2)N(C)C)cc1.COc1ccc(P(c2ccc(OC)cc2)c2ccc[c-]2[C@@H](c2ccccc2)N(C)C)cc1.[Fe+2],C56H58FeN2O4P2
497,pAd-Phanephos,c1cc2c(P(c3ccc([C@]45C[C@H]6C[C@H](C[C@H](C6)C4)C5)cc3)c3ccc([C@]45C[C@H]6C[C@H](C[C@H](C6)C4)C5)cc3)cc1CCc1ccc(cc1P(c1ccc([C@]34C[C@H]5C[C@H](C[C@H](C5)C3)C4)cc1)c1ccc([C@]34C[C@H]5C[C@H](C[C@H](C5)C3)C4)cc1)CC2,C80H90P2
498,pC3F7-phanephos,FC(F)(F)C(F)(c1ccc(P(c2ccc(C(F)(C(F)(F)F)C(F)(F)F)cc2)c2cc3ccc2CCc2ccc(c(P(c4ccc(C(F)(C(F)(F)F)C(F)(F)F)cc4)c4ccc(C(F)(C(F)(F)F)C(F)(F)F)cc4)c2)CC3)cc1)C(F)(F)F,C52H30F28P2
500,Binaphos,c1ccc(P(c2ccccc2)c2ccc3ccccc3c2-c2c(Op3oc4ccc5ccccc5c4c4c(ccc5ccccc54)o3)ccc3ccccc23)cc1,C52H34O3P2
501,RR_Reetz,c1ccc(-p2oc3ccc4ccccc4c3c3c(ccc4ccccc43)o2)c(Oc2ccccc2-p2oc3ccc4ccccc4c3c3c(ccc4ccccc43)o2)c1,C52H32O5P2
502,ICT10043B,Cc1c(P(C(C)C)C(C)C)n(-p2oc3ccc4ccccc4c3c3c(ccc4ccccc43)o2)c2ccccc12,C35H33NO2P2
503,DPEPhos,c1ccc(P(c2ccccc2)c2ccccc2Oc2ccccc2P(c2ccccc2)c2ccccc2)cc1,C36H28OP2
504,DPPP,c1ccc(P(CCCP(c2ccccc2)c2ccccc2)c2ccccc2)cc1,C27H26P2
505,RR_Me_BPF,C[C@@H]1CC[C@@H](C)P1c1cc[cH-]c1.C[C@@H]1CC[C@@H](C)P1c1ccc[cH-]1.[Fe+2],C22H32FeP2
507,Hiersophos_3,Cc1ccc(P(c2cc[cH-]c2)c2ccc(C)o2)o1.Cc1ccc(P(c2cc[cH-]c2)c2ccc(C)o2)o1.[Fe+2],C30H28FeO4P2
508,35TMS-phanephos,C[Si](C)(C)c1cc(P(c2cc([Si](C)(C)C)cc([Si](C)(C)C)c2)c2cc3ccc2CCc2ccc(c(P(c4cc([Si](C)(C)C)cc([Si](C)(C)C)c4)c4cc([Si](C)(C)C)cc([Si](C)(C)C)c4)c2)CC3)cc([Si](C)(C)C)c1,C64H98P2Si8
509,BPFPy-Phanephos,FC(F)(F)c1cc(P(c2cc(C(F)(F)F)nc(C(F)(F)F)c2)c2cc3ccc2CCc2ccc(c(P(c4cc(C(F)(F)F)nc(C(F)(F)F)c4)c4cc(C(F)(F)F)nc(C(F)(F)F)c4)c2)CC3)cc(C(F)(F)F)n1,C44H22F24N4P2
510,DOMePy-phanephos,COc1cc(P(c2cc(OC)nc(OC)c2)c2cc3ccc2CCc2ccc(c(P(c4cc(OC)nc(OC)c4)c4cc(OC)nc(OC)c4)c2)CC3)cc(OC)n1,C44H46N4O8P2
511,DTBPy-Phanephos,CC(C)(C)c1cc(P(c2cc(C(C)(C)C)nc(C(C)(C)C)c2)c2cc3ccc2CCc2ccc(c(P(c4cc(C(C)(C)C)nc(C(C)(C)C)c4)c4cc(C(C)(C)C)nc(C(C)(C)C)c4)c2)CC3)cc(C(C)(C)C)n1,C68H94N4P2
512,M000-1-1naphthyl,CN(C)[C@H](c1ccccc1)[c-]1cccc1P(c1cccc2ccccc12)c1cccc2ccccc12.CN(C)[C@H](c1ccccc1)c1cc[cH-]c1P(c1cccc2ccccc12)c1cccc2ccccc12.[Fe+2],C68H58FeN2P2
513,M000-1-2naphthyl,CN(C)[C@H](c1ccccc1)[c-]1cccc1P(c1ccc2ccccc2c1)c1ccc2ccccc2c1.CN(C)[C@H](c1ccccc1)c1cc[cH-]c1P(c1ccc2ccccc2c1)c1ccc2ccccc2c1.[Fe+2],C68H58FeN2P2
516,M000-1-35TMS-4f,CN(C)[C@H](c1ccccc1)c1[cH-]ccc1P(c1cc([Si](C)(C)C)c(F)c([Si](C)(C)C)c1)c1cc([Si](C)(C)C)c(F)c([Si](C)(C)C)c1.CN(C)[C@H](c1ccccc1)c1c[cH-]cc1P(c1cc([Si](C)(C)C)c(F)c([Si](C)(C)C)c1)c1cc([Si](C)(C)C)c(F)c([Si](C)(C)C)c1.[Fe+2],C76H110F4FeN2P2Si8
517,M000-1-345F,CN(C)[C@H](c1ccccc1)c1c[cH-]cc1P(c1cc(F)c(F)c(F)c1)c1cc(F)c(F)c(F)c1.CN(C)[C@H](c1ccccc1)c1c[cH-]cc1P(c1cc(F)c(F)c(F)c1)c1cc(F)c(F)c(F)c1.[Fe+2],C52H38F12FeN2P2
518,M000-1-DMM,COc1c(C)cc(P(c2cc(C)c(OC)c(C)c2)c2[cH-]ccc2[C@@H](c2ccccc2)N(C)C)cc1C.COc1c(C)cc(P(c2cc(C)c(OC)c(C)c2)c2c[cH-]cc2[C@@H](c2ccccc2)N(C)C)cc1C.[Fe+2],C64H74FeN2O4P2
519,M000-1-DTBM,COc1c(C(C)(C)C)cc(P(c2cc(C(C)(C)C)c(OC)c(C(C)(C)C)c2)c2c[cH-]cc2[C@@H](c2ccccc2)N(C)C)cc1C(C)(C)C.COc1c(C(C)(C)C)cc(P(c2cc(C(C)(C)C)c(OC)c(C(C)(C)C)c2)c2ccc[c-]2[C@@H](c2ccccc2)N(C)C)cc1C(C)(C)C.[Fe+2],C88H122FeN2O4P2
520,M000-1-IPDA,CC(C)c1cc(P(c2cc(C(C)C)c(N(C)C)c(C(C)C)c2)c2[cH-]ccc2[C@@H](c2ccccc2)N(C)C)cc(C(C)C)c1N(C)C.CC(C)c1cc(P(c2cc(C(C)C)c(N(C)C)c(C(C)C)c2)c2c[cH-]cc2[C@@H](c2ccccc2)N(C)C)cc(C(C)C)c1N(C)C.[Fe+2],C84H118FeN6P2
521,M000-1-pAd,CN(C)[C@H](c1ccccc1)[c-]1cccc1P(c1ccc([C@]23C[C@H]4C[C@H](C[C@H](C4)C2)C3)cc1)c1ccc([C@]23C[C@H]4C[C@H](C[C@H](C4)C2)C3)cc1.CN(C)[C@H](c1ccccc1)c1cc[cH-]c1P(c1ccc([C@]23C[C@H]4C[C@H](C[C@H](C4)C2)C3)cc1)c1ccc([C@]23C[C@H]4C[C@H](C[C@H](C4)C2)C3)cc1.[Fe+2],C92H106FeN2P2
522,M000-1-PBFPy,CN(C)[C@H](c1ccccc1)[c-]1cccc1P(c1cc(C(F)(F)F)nc(C(F)(F)F)c1)c1cc(C(F)(F)F)nc(C(F)(F)F)c1.CN(C)[C@H](c1ccccc1)c1ccc[c-]1P(c1cc(C(F)(F)F)nc(C(F)(F)F)c1)c1cc(C(F)(F)F)nc(C(F)(F)F)c1.[Fe+2],C56H38F24FeN6P2
523,M000-1-pCF3,CN(C)[C@H](c1ccccc1)[c-]1cccc1P(c1ccc(C(F)(F)F)cc1)c1ccc(C(F)(F)F)cc1.CN(C)[C@H](c1ccccc1)c1cc[cH-]c1P(c1ccc(C(F)(F)F)cc1)c1ccc(C(F)(F)F)cc1.[Fe+2],C56H46F12FeN2P2
524,M000-1-ptBu,CN(C)[C@H](c1ccccc1)[c-]1cccc1P(c1ccc(C(C)(C)C)cc1)c1ccc(C(C)(C)C)cc1.CN(C)[C@H](c1ccccc1)c1cc[cH-]c1P(c1ccc(C(C)(C)C)cc1)c1ccc(C(C)(C)C)cc1.[Fe+2],C68H82FeN2P2
525,M000-1-TMS,CN(C)[C@H](c1ccccc1)c1c[cH-]cc1P(c1cc([Si](C)(C)C)cc([Si](C)(C)C)c1)c1cc([Si](C)(C)C)cc([Si](C)(C)C)c1.CN(C)[C@H](c1ccccc1)c1cc[cH-]c1P(c1cc([Si](C)(C)C)cc([Si](C)(C)C)c1)c1cc([Si](C)(C)C)cc([Si](C)(C)C)c1.[Fe+2],C76H114FeN2P2Si8
526,2_OMe_BINAP,COc1cc2ccccc2c(-c2c(P(c3ccccc3)c3ccccc3)c(OC)cc3ccccc23)c1P(c1ccccc1)c1ccccc1,C46H36O2P2
527,iPr_Ferrotane,CC(C)[C@@H]1C[C@@H](C(C)C)P1c1cc[cH-]c1.CC(C)[C@@H]1C[C@@H](C(C)C)P1c1cc[cH-]c1.[Fe+2],C28H44FeP2
528,Me_ferrotane,C[C@@H]1C[C@@H](C)P1[c-]1cccc1.C[C@@H]1C[C@@H](C)P1c1cc[cH-]c1.[Fe+2],C20H28FeP2
529,nPr_Ferrotane,CCC[C@@H]1C[C@@H](CCC)P1c1cc[cH-]c1.CCC[C@@H]1C[C@@H](CCC)P1c1cc[cH-]c1.[Fe+2],C28H44FeP2
530,R_2_COtBu_BINAP,CC(C)(C)C(=O)c1cc2ccccc2c(-c2c(P(c3ccccc3)c3ccccc3)c(C(=O)C(C)(C)C)cc3ccccc23)c1P(c1ccccc1)c1ccccc1,C54H48O2P2
531,R_BINAP_2_Obn,c1ccc(COc2cc3ccccc3c(-c3c(P(c4ccccc4)c4ccccc4)c(OCc4ccccc4)cc4ccccc34)c2P(c2ccccc2)c2ccccc2)cc1,C58H44O2P2
532,R_BINAP_2_OiPr,CC(C)Oc1cc2ccccc2c(-c2c(P(c3ccccc3)c3ccccc3)c(OC(C)C)cc3ccccc23)c1P(c1ccccc1)c1ccccc1,C50H44O2P2
533,R_C1_TunePhos,c1ccc(P(c2ccccc2)c2cccc3c2-c2c(cccc2P(c2ccccc2)c2ccccc2)OCO3)cc1,C37H28O2P2
534,R_H8_BINAM,c1ccc(P(Nc2ccc3c(c2-c2c(NP(c4ccccc4)c4ccccc4)ccc4c2CCCC4)CCCC3)c2ccccc2)cc1,C44H42N2P2
538,RR_tBu_Ferrolane,CC(C)(C)[C@@H]1CC[C@@H](C(C)(C)C)P1c1cc[cH-]c1.CC(C)(C)[C@@H]1CC[C@@H](C(C)(C)C)P1c1cc[cH-]c1.[Fe+2],C34H56FeP2
539,SRR_SPIRAP,CC[C@H]1OC2(O[C@H](CC)c3cccc(P(c4ccccc4)c4ccccc4)c32)c2c1cccc2P(c1ccccc1)c1ccccc1,C43H38O2P2
541,SSRR_RoPhos,C[C@H]1[C@H](O)[C@@H](O)[C@H](C)P1c1ccccc1P1[C@@H](C)[C@H](O)[C@@H](O)[C@@H]1C,C18H28O4P2
542,SSS_SPIRAP,CC[C@@H]1OC2(O[C@@H](CC)c3cccc(P(c4ccccc4)c4ccccc4)c32)c2c1cccc2P(c1ccccc1)c1ccccc1,C43H38O2P2
543,SSSS_RoPhos,C[C@H]1[C@@H](O)[C@H](O)[C@H](C)P1c1ccccc1P1[C@@H](C)[C@@H](O)[C@H](O)[C@@H]1C,C18H28O4P2
544,TMBPT,Cc1sc(C)c(P(c2ccccc2)c2ccccc2)c1-c1c(C)sc(C)c1P(c1ccccc1)c1ccccc1,C36H32P2S2
545,pTMS-MeOBIPHEP,COc1cccc(P(c2ccc([Si](C)(C)C)cc2)c2ccc([Si](C)(C)C)cc2)c1-c1c(OC)cccc1P(c1ccc([Si](C)(C)C)cc1)c1ccc([Si](C)(C)C)cc1,C50H64O2P2Si4
546,pTol-H8-BinamP,Cc1ccc(P(Nc2ccc3c(c2-c2c(NP(c4ccc(C)cc4)c4ccc(C)cc4)ccc4c2CCCC4)CCCC3)c2ccc(C)cc2)cc1,C48H50N2P2
547,pTol-MeBIPHEP,Cc1ccc(P(c2ccc(C)cc2)c2cccc(C)c2-c2c(C)cccc2P(c2ccc(C)cc2)c2ccc(C)cc2)cc1,C42H40P2
548,R-2Furyl_nBu-MeOBIPHEP,CCCCP(c1ccco1)c1cccc(OC)c1-c1c(OC)cccc1P(c1ccccc1)c1ccccc1,C34H34O3P2
549,SSR-Cy-Ph_2-MeBIPHEP,Cc1cccc(P(c2ccccc2)C2CCCCC2)c1-c1c(C)cccc1P(c1ccccc1)C1CCCCC1,C38H44P2
550,R-tBu_Ph-MeBIHEP,Cc1cccc(P(c2ccccc2)c2ccccc2)c1-c1c(C)cccc1P(c1ccccc1)C(C)(C)C,C36H36P2
551,RR-Cy-Butiphane,c1ccc2c(P3[C@H](C4CCCCC4)CC[C@H]3C3CCCCC3)c(P3[C@H](C4CCCCC4)CC[C@H]3C3CCCCC3)sc2c1,C40H60P2S
553,RR-iPr-Butiphane,CC(C)[C@@H]1CC[C@@H](C(C)C)P1c1sc2ccccc2c1P1[C@H](C(C)C)CC[C@H]1C(C)C,C28H44P2S
554,RR-iPr-Ulluphos,Cc1sc(C)c(P2[C@H](C(C)C)CC[C@H]2C(C)C)c1P1[C@H](C(C)C)CC[C@H]1C(C)C,C26H46P2S
556,RR-Me-Ulluphos,Cc1sc(C)c(P2[C@H](C)CC[C@H]2C)c1P1[C@H](C)CC[C@H]1C,C18H30P2S
557,RRR-MeOBIPHEP,COc1cccc(P(c2ccccc2)C(C)(C)C)c1-c1c(OC)cccc1P(c1ccccc1)C(C)(C)C,C34H40O2P2
558,RRR-phospholane-MeOBIPHEP,COc1cccc(P2[C@H](C)CC[C@H]2C)c1-c1c(OC)cccc1P1[C@H](C)CC[C@H]1C,C26H36O2P2
560,RRR_Cy_Ph_2-MeBIPHEP,Cc1cccc(P(c2ccccc2)C2CCCCC2)c1-c1c(C)cccc1P(c1ccccc1)C1CCCCC1,C38H44P2
561,S-2Furyl_nBu-MeOBIPHEP,CCCCP(c1ccco1)c1cccc(OC)c1-c1c(OC)cccc1P(c1ccccc1)c1ccccc1,C34H34O3P2
562,S-tBu-Ph_pTol2-MeBIPHEP,Cc1ccc(P(c2ccc(C)cc2)c2cccc(C)c2-c2c(C)cccc2P(c2ccccc2)C(C)(C)C)cc1,C38H40P2
563,S-tBu-Ph-MeBIPHEP,Cc1cccc(P(c2ccccc2)c2ccccc2)c1-c1c(C)cccc1P(c1ccccc1)C(C)(C)C,C36H36P2
564,Solphos,CN1CCOc2c1ccc(P(c1ccccc1)c1ccccc1)c2-c1c(P(c2ccccc2)c2ccccc2)ccc2c1OCCN2C,C42H38N2O2P2
565,SS-iPr-CRNPHOS,CC(C)[C@@H]1C[C@@H](C(C)C)P1c1ccccc1P1[C@H](C(C)C)C[C@H]1C(C)C,C24H40P2
566,SSR-MeOBIPHEP,COc1cccc(P(c2ccccc2)C(C)(C)C)c1-c1c(OC)cccc1P(c1ccccc1)C(C)(C)C,C34H40O2P2
567,SSR-phospholane-MeOBIPHEP,COc1cccc(P2[C@@H](C)CC[C@@H]2C)c1-c1c(OC)cccc1P1[C@@H](C)CC[C@@H]1C,C26H36O2P2
568,Sunphos,CC1(C)Oc2ccc(P(c3ccccc3)c3ccccc3)c(-c3c(P(c4ccccc4)c4ccccc4)ccc4c3OC(C)(C)O4)c2O1,C42H36O4P2
569,Cy-MeBIPHEP,Cc1cccc(P(C2CCCCC2)C2CCCCC2)c1-c1c(C)cccc1P(C1CCCCC1)C1CCCCC1,C38H56P2
570,Cy-Ph-MeBIPHEP,Cc1cccc(P(c2ccccc2)C2CCCCC2)c1-c1c(C)cccc1P(c1ccccc1)C1CCCCC1,C38H44P2
572,Cy2-MeBIPHEP,Cc1cccc(P(c2ccccc2)c2ccccc2)c1-c1c(C)cccc1P(C1CCCCC1)C1CCCCC1,C38H44P2
573,Cy2-MeOBIPHEP,COc1cccc(P(c2ccccc2)c2ccccc2)c1-c1c(OC)cccc1P(C1CCCCC1)C1CCCCC1,C38H44O2P2
574,Cy2-Ph2-BPPFA,C[C@@H]([c-]1cccc1P(c1ccccc1)c1ccccc1)N(C)C.[Fe+2].c1cc(P(C2CCCCC2)C2CCCCC2)c[cH-]1,C38H49FeNP2
575,Cy2-pTol2-MeBIPHEP,Cc1ccc(P(c2ccc(C)cc2)c2cccc(C)c2-c2c(C)cccc2P(C2CCCCC2)C2CCCCC2)cc1,C40H48P2
576,HOBIPHEP,Oc1cccc(P(c2ccccc2)c2ccccc2)c1-c1c(O)cccc1P(c1ccccc1)c1ccccc1,C36H28O2P2
577,MABP,Cc1cccc(NP(c2ccccc2)c2ccccc2)c1-c1c(C)cccc1NP(c1ccccc1)c1ccccc1,C38H34N2P2
578,mDMA-MeOBIPHEP,COc1cccc(P(c2cccc(N(C)C)c2)c2cccc(N(C)C)c2)c1-c1c(OC)cccc1P(c1cccc(N(C)C)c1)c1cccc(N(C)C)c1,C46H52N4O2P2
579,Me-MeOBIPHEP,COc1cccc(P(C)C)c1-c1c(OC)cccc1P(C)C,C18H24O2P2
580,MeBIPHEP,Cc1cccc(P(c2ccccc2)c2ccccc2)c1-c1c(C)cccc1P(c1ccccc1)c1ccccc1,C38H32P2
581,MeDA-MeOBIPHEP,COc1cccc(P(c2cc(C)c(N(C)C)c(C)c2)c2cc(C)c(N(C)C)c(C)c2)c1-c1c(OC)cccc1P(c1cc(C)c(N(C)C)c(C)c1)c1cc(C)c(N(C)C)c(C)c1,C54H68N4O2P2
582,MeOBIPHEP-3-Br,COc1ccc(Br)c(P(c2ccccc2)c2ccccc2)c1-c1c(OC)ccc(Br)c1P(c1ccccc1)c1ccccc1,C38H30Br2O2P2
583,MP2-Segphos,Cc1ccc(C)p1-c1ccc2c(c1-c1c(-p3c(C)ccc3C)ccc3c1OCO3)OCO2,C26H24O4P2
584,mTol-MeBIPHEP,Cc1cccc(P(c2cccc(C)c2)c2cccc(C)c2-c2c(C)cccc2P(c2cccc(C)c2)c2cccc(C)c2)c1,C42H40P2
585,mTol-PPM,Cc1cccc(P(C[C@@H]2C[C@H](P(c3cccc(C)c3)c3cccc(C)c3)CN2)c2cccc(C)c2)c1,C33H37NP2
586,Naphthyl-Ph-MeBIPHEP,Cc1cccc(P(c2ccccc2)c2ccc3ccccc3c2)c1-c1c(C)cccc1P(c1ccccc1)c1ccc2ccccc2c1,C46H36P2
587,OH-BPPFA,C[C@H](O)[c-]1cccc1P(c1ccccc1)c1ccccc1.[Fe+2].c1ccc(P(c2ccccc2)c2cc[cH-]c2)cc1,C36H32FeOP2
588,oMeO-MeOBIPHEP,COc1ccccc1P(c1ccccc1OC)c1cccc(OC)c1-c1c(OC)cccc1P(c1ccccc1OC)c1ccccc1OC,C42H40O6P2
589,oTol-H8-BinamP,Cc1ccccc1P(Nc1ccc2c(c1-c1c(NP(c3ccccc3C)c3ccccc3C)ccc3c1CCCC3)CCCC2)c1ccccc1C,C48H50N2P2
590,P3-Segphos,c1ccc(-c2ccc(-c3ccccc3)p2-c2ccc3c(c2-c2c(-p4c(-c5ccccc5)ccc4-c4ccccc4)ccc4c2OCO4)OCO3)cc1,C46H32O4P2
591,paminomethyl-MeOBIPHEP,COc1cccc(P(c2ccc(CN)cc2)c2ccc(CN)cc2)c1-c1c(OC)cccc1P(c1ccc(CN)cc1)c1ccc(CN)cc1,C42H44N4O2P2
592,pDMA-MeOBIPHEP,COc1cccc(P(c2ccc(N(C)C)cc2)c2ccc(N(C)C)cc2)c1-c1c(OC)cccc1P(c1ccc(N(C)C)cc1)c1ccc(N(C)C)cc1,C46H52N4O2P2
593,pDMAS-MeOBIPHEP,COc1cccc(P(c2ccc([S+2]([O-])([O-])N(C)C)cc2)c2ccc([S+2]([O-])([O-])N(C)C)cc2)c1-c1c(OC)cccc1P(c1ccc([S+2]([O-])([O-])N(C)C)cc1)c1ccc([S+2]([O-])([O-])N(C)C)cc1,C46H52N4O10P2S4
594,pF-H8-BinamP,Fc1ccc(P(Nc2ccc3c(c2-c2c(NP(c4ccc(F)cc4)c4ccc(F)cc4)ccc4c2CCCC4)CCCC3)c2ccc(F)cc2)cc1,C44H38F4N2P2
595,phospholane-MeOBIPHEP,COc1cccc(P2CCCC2)c1-c1c(OC)cccc1P1CCCC1,C22H28O2P2
596,PO-BIPHEP,CO[P+]1([O-])Oc2cccc(P(c3ccccc3)c3ccccc3)c2-c2c(cccc2P(c2ccccc2)c2ccccc2)O1,C37H29O4P3
597,pOMe-H8-BinamP,COc1ccc(P(Nc2ccc3c(c2-c2c(NP(c4ccc(OC)cc4)c4ccc(OC)cc4)ccc4c2CCCC4)CCCC3)c2ccc(OC)cc2)cc1,C48H50N2O4P2
598,pOMe-MeOBIPHEP,COc1ccc(P(c2ccc(OC)cc2)c2cccc(OC)c2-c2c(OC)cccc2P(c2ccc(OC)cc2)c2ccc(OC)cc2)cc1,C42H40O6P2
599,pPh-MeOBIPHEP,COc1cccc(P(c2ccc(-c3ccccc3)cc2)c2ccc(-c3ccccc3)cc2)c1-c1c(OC)cccc1P(c1ccc(-c2ccccc2)cc1)c1ccc(-c2ccccc2)cc1,C62H48O2P2
601,2-Benzofuryl-MeOBIPHEP,COc1cccc(P(c2cc3ccccc3o2)c2cc3ccccc3o2)c1-c1c(OC)cccc1P(c1cc2ccccc2o1)c1cc2ccccc2o1,C46H32O6P2
602,2-Furyl-Solphos,CN1CCOc2c1ccc(P(c1ccco1)c1ccco1)c2-c1c(P(c2ccco2)c2ccco2)ccc2c1OCCN2C,C34H30N2O6P2
603,2-Furyl2-MeOBIPHEP,COc1cccc(P(c2ccccc2)c2ccccc2)c1-c1c(OC)cccc1P(c1ccco1)c1ccco1,C34H28O4P2
604,2-Thienyl2-MeOBIPHEP,COc1cccc(P(c2ccccc2)c2ccccc2)c1-c1c(OC)cccc1P(c1cccs1)c1cccs1,C34H28O2P2S2
605,2Benzothienyl-MeOBIPHEP,COc1cccc(P(c2cc3ccccc3s2)c2cc3ccccc3s2)c1-c1c(OC)cccc1P(c1cc2ccccc2s1)c1cc2ccccc2s1,C46H32O2P2S4
606,BIPHOMP,c1ccc(P(c2ccccc2)c2cccc3c2-c2c(cccc2P(c2ccccc2)c2ccccc2)COC3)cc1,C38H30OP2
607,gem-DPPH,CCCCCC(P(c1ccccc1)c1ccccc1)P(c1ccccc1)c1ccccc1,C30H32P2
608,benzyl-pTol-diazadiphosphocane,Cc1ccc(N2CP(Cc3ccccc3)CN(c3ccc(C)cc3)CP(Cc3ccccc3)C2)cc1,C32H36N2P2
609,IPDA-diphe,CC(C)c1cc(P(c2cc(C(C)C)c(N(C)C)c(C(C)C)c2)c2cccc3cccc(P(c4cc(C(C)C)c(N(C)C)c(C(C)C)c4)c4cc(C(C)C)c(N(C)C)c(C(C)C)c4)c23)cc(C(C)C)c1N(C)C,C66H94N4P2
610,iPr-diphe,CC(C)P(c1cccc2cccc(P(C(C)C)C(C)C)c12)C(C)C,C22H34P2
611,MeDA-diphe,Cc1cc(P(c2cc(C)c(N(C)C)c(C)c2)c2cccc3cccc(P(c4cc(C)c(N(C)C)c(C)c4)c4cc(C)c(N(C)C)c(C)c4)c23)cc(C)c1N(C)C,C50H62N4P2
612,mTol-Binap,Cc1cccc(P(c2cccc(C)c2)c2ccc3ccccc3c2-c2c(P(c3cccc(C)c3)c3cccc(C)c3)ccc3ccccc23)c1,C48H40P2
613,nBu-DPPB,CCCCP(CCCC)CCCCP(CCCC)CCCC,C20H44P2
614,nBu-DPPP,CCCCP(CCCC)CCCP(CCCC)CCCC,C19H42P2
615,nDec-DPPP,CCCCCCCCCCP(CCCCCCCCCC)CCCP(CCCCCCCCCC)CCCCCCCCCC,C43H90P2
616,oTol-diphe,Cc1ccccc1P(c1ccccc1C)c1cccc2cccc(P(c3ccccc3C)c3ccccc3C)c12,C38H34P2
617,oTol-DPPE,Cc1ccccc1P(CCP(c1ccccc1C)c1ccccc1C)c1ccccc1C,C30H32P2
619,PAd-Dalphos,Cc1ccccc1P(c1ccccc1C)c1ccccc1P1[C@]2(C)C[C@@]3(C)O[C@](C)(C[C@]1(C)O3)O2,C30H34O3P2
620,pCF3-diphe,FC(F)(F)c1ccc(P(c2ccc(C(F)(F)F)cc2)c2cccc3cccc(P(c4ccc(C(F)(F)F)cc4)c4ccc(C(F)(F)F)cc4)c23)cc1,C38H22F12P2
621,Ph-pTol-diazadiphosphocane,Cc1ccc(N2CP(c3ccccc3)CN(c3ccc(C)cc3)CP(c3ccccc3)C2)cc1,C30H32N2P2
623,pTol-DPPE,Cc1ccc(P(CCP(c2ccc(C)cc2)c2ccc(C)cc2)c2ccc(C)cc2)cc1,C30H32P2
626,diphe,c1ccc(P(c2ccccc2)c2cccc3cccc(P(c4ccccc4)c4ccccc4)c23)cc1,C34H26P2
627,DTBM-diphe,COc1c(C(C)(C)C)cc(P(c2cc(C(C)(C)C)c(OC)c(C(C)(C)C)c2)c2cccc3cccc(P(c4cc(C(C)(C)C)c(OC)c(C(C)(C)C)c4)c4cc(C(C)(C)C)c(OC)c(C(C)(C)C)c4)c23)cc1C(C)(C)C,C70H98O4P2
628,Furyl-diphe,c1coc(P(c2ccco2)c2cccc3cccc(P(c4ccco4)c4ccco4)c23)c1,C26H18O4P2
629,35CF3-diphe,FC(F)(F)c1cc(P(c2cc(C(F)(F)F)cc(C(F)(F)F)c2)c2cccc3cccc(P(c4cc(C(F)(F)F)cc(C(F)(F)F)c4)c4cc(C(F)(F)F)cc(C(F)(F)F)c4)c23)cc(C(F)(F)F)c1,C42H18F24P2
630,345MeO-diphe,COc1cc(P(c2cc(OC)c(OC)c(OC)c2)c2cccc3cccc(P(c4cc(OC)c(OC)c(OC)c4)c4cc(OC)c(OC)c(OC)c4)c23)cc(OC)c1OC,C46H50O12P2
631,Cy-diphe,c1cc(P(C2CCCCC2)C2CCCCC2)c2c(P(C3CCCCC3)C3CCCCC3)cccc2c1,C34H50P2
632,DMM-diphe,COc1c(C)cc(P(c2cc(C)c(OC)c(C)c2)c2cccc3cccc(P(c4cc(C)c(OC)c(C)c4)c4cc(C)c(OC)c(C)c4)c23)cc1C,C46H50O4P2
633,gem-DPPB,CCCC(P(c1ccccc1)c1ccccc1)P(c1ccccc1)c1ccccc1,C28H28P2
634,BCOPE,C1C[C@H]2CCC[C@@H](C1)P2CCP1[C@H]2CCC[C@@H]1CCC2,C18H32P2
635,Ph_NuPhos,c1ccc(C(/C(=C(/c2ccccc2)P(c2ccccc2)c2ccccc2)c2ccccc2)=C(\c2ccccc2)P(c2ccccc2)c2ccccc2)cc1,C52H40P2
638,PPh2NPh2,c1ccc(N2CP(c3ccccc3)CN(c3ccccc3)CP(c3ccccc3)C2)cc1,C28H28N2P2
640,N_XantPhos,c1ccc(P(c2ccccc2)c2cccc3c2Oc2c(cccc2P(c2ccccc2)c2ccccc2)N3)cc1,C36H27NOP2
641,Cy_DPPBz,c1ccc(P(C2CCCCC2)C2CCCCC2)c(P(C2CCCCC2)C2CCCCC2)c1,C30H48P2
643,mono_O_SegPhos,c1ccc(P(c2ccccc2)c2ccc3c(c2-c2c(P(c4ccccc4)c4ccccc4)ccc4c2COC4)COC3)cc1,C40H32O2P2
644,SS_Me_ButiPhane,C[C@H]1CC[C@H](C)P1c1sc2ccccc2c1P1[C@@H](C)CC[C@@H]1C,C20H28P2S
645,35-tBu2-MeOBIPHEP,COc1cccc(P(c2ccccc2)c2ccccc2)c1-c1c(OC)cccc1P(c1cc(C(C)(C)C)cc(C(C)(C)C)c1)c1cc(C(C)(C)C)cc(C(C)(C)C)c1,C54H64O2P2
646,iPrOBIPHEP,CC(C)Oc1cccc(P(c2ccccc2)c2ccccc2)c1-c1c(OC(C)C)cccc1P(c1ccccc1)c1ccccc1,C42H40O2P2
647,iPr2-MeOBIPHEP,COc1cccc(P(c2ccccc2)c2ccccc2)c1-c1c(OC)cccc1P(C(C)C)C(C)C,C32H36O2P2
649,iPr-BPPFA-EPIP,CC(C)P([c-]1cccc1)C(C)C.CC(C)P(c1ccc[c-]1[C@H](C)N(C)CCN1CCCCC1)C(C)C.[Fe+2],C32H56FeN2P2
650,IPDA-MeOBIPHEP,COc1cccc(P(c2cc(C(C)C)c(N(C)C)c(C(C)C)c2)c2cc(C(C)C)c(N(C)C)c(C(C)C)c2)c1-c1c(OC)cccc1P(c1cc(C(C)C)c(N(C)C)c(C(C)C)c1)c1cc(C(C)C)c(N(C)C)c(C(C)C)c1,C70H100N4O2P2
651,HOiPrOBIPHEP,CC(C)Oc1cccc(P(c2ccccc2)c2ccccc2)c1-c1c(O)cccc1P(c1ccccc1)c1ccccc1,C39H34O2P2
653,Et2-MeOBIPHEP,CCP(CC)c1cccc(OC)c1-c1c(OC)cccc1P(c1ccccc1)c1ccccc1,C30H32O2P2
654,Et-MeOBIPHEP,CCP(CC)c1cccc(OC)c1-c1c(OC)cccc1P(CC)CC,C22H32O2P2
656,Diphol(PCy2)-MeO-BIPHEP,COc1cccc(P(C2CCCCC2)C2CCCCC2)c1-c1c(OC)cccc1-p1c2ccccc2c2ccccc21,C38H42O2P2
657,DiPrPAcenaphthylene,CC(C)P(C1=C(P(C(C)C)C(C)C)c2cccc3cccc1c23)C(C)C,C24H34P2
658,DiPrM-MeOBIPHEP,COc1cccc(P(c2cc(C(C)C)c(OC)c(C(C)C)c2)c2cc(C(C)C)c(OC)c(C(C)C)c2)c1-c1c(OC)cccc1P(c1cc(C(C)C)c(OC)c(C(C)C)c1)c1cc(C(C)C)c(OC)c(C(C)C)c1,C66H88O6P2
659,DiMeOBIPHEP,COc1ccc(P(c2ccccc2)c2ccccc2)c(-c2c(P(c3ccccc3)c3ccccc3)ccc(OC)c2OC)c1OC,C40H36O4P2
660,DTBM-Sunphos,COc1c(C(C)(C)C)cc(P(c2cc(C(C)(C)C)c(OC)c(C(C)(C)C)c2)c2ccc3c(c2-c2c(P(c4cc(C(C)(C)C)c(OC)c(C(C)(C)C)c4)c4cc(C(C)(C)C)c(OC)c(C(C)(C)C)c4)ccc4c2OC(C)(C)O4)OC(C)(C)O3)cc1C(C)(C)C,C78H108O8P2
661,DTBM-MeBIPHEP,COc1c(C(C)(C)C)cc(P(c2cc(C(C)(C)C)c(OC)c(C(C)(C)C)c2)c2cccc(C)c2-c2c(C)cccc2P(c2cc(C(C)(C)C)c(OC)c(C(C)(C)C)c2)c2cc(C(C)(C)C)c(OC)c(C(C)(C)C)c2)cc1C(C)(C)C,C74H104O4P2
663,DMM-Sunphos,COc1c(C)cc(P(c2cc(C)c(OC)c(C)c2)c2ccc3c(c2-c2c(P(c4cc(C)c(OC)c(C)c4)c4cc(C)c(OC)c(C)c4)ccc4c2OC(C)(C)O4)OC(C)(C)O3)cc1C,C54H60O8P2
664,DMM-MeOBIPHEP,COc1cccc(P(c2cc(C)c(OC)c(C)c2)c2cc(C)c(OC)c(C)c2)c1-c1c(OC)cccc1P(c1cc(C)c(OC)c(C)c1)c1cc(C)c(OC)c(C)c1,C50H56O6P2
665,DMM-H8-BinamP,COc1c(C)cc(P(Nc2ccc3c(c2-c2c(NP(c4cc(C)c(OC)c(C)c4)c4cc(C)c(OC)c(C)c4)ccc4c2CCCC4)CCCC3)c2cc(C)c(OC)c(C)c2)cc1C,C56H66N2O4P2
666,DCyPAcenaphthylene,c1cc2c3c(cccc3c1)C(P(C1CCCCC1)C1CCCCC1)=C2P(C1CCCCC1)C1CCCCC1,C36H50P2
667,DBT-MeOBIPHEP,COc1cccc(P(c2cccc3c2sc2ccccc23)c2cccc3c2sc2ccccc23)c1-c1c(OC)cccc1P(c1cccc2c1sc1ccccc12)c1cccc2c1sc1ccccc12,C62H40O2P2S4
668,DBT_PH2-MeOBIPHEP,COc1cccc(P(c2ccccc2)c2cccc3c2sc2ccccc23)c1-c1c(OC)cccc1P(c1ccccc1)c1cccc2c1sc1ccccc12,C50H36O2P2S2
669,Cypent2-BIPHEMP,Cc1cccc(P(c2ccccc2)c2ccccc2)c1-c1c(C)cccc1P(C1CCCC1)C1CCCC1,C36H40P2
670,Cybut-MeOBIPHEP,COc1cccc(P(C2CCC2)C2CCC2)c1-c1c(OC)cccc1P(C1CCC1)C1CCC1,C30H40O2P2
672,BnOBIPHEP,c1ccc(COc2cccc(P(c3ccccc3)c3ccccc3)c2-c2c(OCc3ccccc3)cccc2P(c2ccccc2)c2ccccc2)cc1,C50H40O2P2
673,Benzothiazole-MeOBIPHEP,COc1cccc(P(c2nc3ccccc3s2)c2nc3ccccc3s2)c1-c1c(OC)cccc1P(c1nc2ccccc2s1)c1nc2ccccc2s1,C42H28N4O2P2S4
674,BPPFA_Oac,CC(=O)O[C@@H](C)c1c[cH-]cc1P(c1ccccc1)c1ccccc1.[Fe+2].c1ccc(P(c2ccccc2)c2cc[cH-]c2)cc1,C38H34FeO2P2
675,BPPFA_EPIPAZMe,C[C@@H]([c-]1cccc1P(c1ccccc1)c1ccccc1)N(C)CCN1CCN(C)CC1.[Fe+2].c1ccc(P(c2ccccc2)c2cc[cH-]c2)cc1,C44H49FeN3P2
676,BPPFA_EMOR,C[C@@H]([c-]1cccc1P(c1ccccc1)c1ccccc1)N(C)CCN1CCOCC1.[Fe+2].c1ccc(P(c2ccccc2)c2cc[cH-]c2)cc1,C43H46FeN2OP2
678,BCPM,CC(C)(C)OC(=O)N1C[C@@H](P(C2CCCCC2)C2CCCCC2)C[C@H]1CP(c1ccccc1)c1ccccc1,C34H49NO2P2
679,2Naphthyl-MeOBIPHEP,COc1cccc(P(c2ccc3ccccc3c2)c2ccc3ccccc3c2)c1-c1c(OC)cccc1P(c1ccc2ccccc2c1)c1ccc2ccccc2c1,C54H40O2P2
680,55-disulfo-BINAP,[O-][S+2]([O-])(O)c1cccc2c(-c3c(P(c4ccccc4)c4ccccc4)ccc4c([S+2]([O-])([O-])O)cccc34)c(P(c3ccccc3)c3ccccc3)ccc12,C44H32O6P2S2
681,55-Diamino-BINAP,Nc1cccc2c(-c3c(P(c4ccccc4)c4ccccc4)ccc4c(N)cccc34)c(P(c3ccccc3)c3ccccc3)ccc12,C44H34N2P2
682,5-Me-2-Furyl-MeOBIPHEP,COc1cccc(P(c2ccc(C)o2)c2ccc(C)o2)c1-c1c(OC)cccc1P(c1ccc(C)o1)c1ccc(C)o1,C34H32O6P2
683,35CF3-MeOBIPHEP,COc1cccc(P(c2cc(C(F)(F)F)cc(C(F)(F)F)c2)c2cc(C(F)(F)F)cc(C(F)(F)F)c2)c1-c1c(OC)cccc1P(c1cc(C(F)(F)F)cc(C(F)(F)F)c1)c1cc(C(F)(F)F)cc(C(F)(F)F)c1,C46H24F24O2P2
684,35-tPent-MeOBIPHEP,CCC(C)(C)c1cc(P(c2cc(C(C)(C)CC)cc(C(C)(C)CC)c2)c2cccc(OC)c2-c2c(OC)cccc2P(c2cc(C(C)(C)CC)cc(C(C)(C)CC)c2)c2cc(C(C)(C)CC)cc(C(C)(C)CC)c2)cc(C(C)(C)CC)c1,C78H112O2P2
685,35-tBu-MeOBIPHEP,COc1cccc(P(c2cc(C(C)(C)C)cc(C(C)(C)C)c2)c2cc(C(C)(C)C)cc(C(C)(C)C)c2)c1-c1c(OC)cccc1P(c1cc(C(C)(C)C)cc(C(C)(C)C)c1)c1cc(C(C)(C)C)cc(C(C)(C)C)c1,C70H96O2P2
686,35-tBu-MeBIPHEP,Cc1cccc(P(c2cc(C(C)(C)C)cc(C(C)(C)C)c2)c2cc(C(C)(C)C)cc(C(C)(C)C)c2)c1-c1c(C)cccc1P(c1cc(C(C)(C)C)cc(C(C)(C)C)c1)c1cc(C(C)(C)C)cc(C(C)(C)C)c1,C70H96P2
687,35-tBu-BPPFA,CC(C)(C)c1cc(P(c2cc[cH-]c2)c2cc(C(C)(C)C)cc(C(C)(C)C)c2)cc(C(C)(C)C)c1.C[C@@H]([c-]1cccc1P(c1cc(C(C)(C)C)cc(C(C)(C)C)c1)c1cc(C(C)(C)C)cc(C(C)(C)C)c1)N(C)C.[Fe+2],C70H101FeNP2
688,35-morpholino-MeOBIPHEP,COc1cccc(P(c2cc(N3CCOCC3)cc(N3CCOCC3)c2)c2cc(N3CCOCC3)cc(N3CCOCC3)c2)c1-c1c(OC)cccc1P(c1cc(N2CCOCC2)cc(N2CCOCC2)c1)c1cc(N2CCOCC2)cc(N2CCOCC2)c1,C70H88N8O10P2
689,35-iPr-MeOBIPHEP,COc1cccc(P(c2cc(C(C)C)cc(C(C)C)c2)c2cc(C(C)C)cc(C(C)C)c2)c1-c1c(OC)cccc1P(c1cc(C(C)C)cc(C(C)C)c1)c1cc(C(C)C)cc(C(C)C)c1,C62H80O2P2
690,35-iPr-MeBIPHEP,Cc1cccc(P(c2cc(C(C)C)cc(C(C)C)c2)c2cc(C(C)C)cc(C(C)C)c2)c1-c1c(C)cccc1P(c1cc(C(C)C)cc(C(C)C)c1)c1cc(C(C)C)cc(C(C)C)c1,C62H80P2
691,35-Xyl-MABP,Cc1cc(C)cc(P(Nc2cccc(C)c2-c2c(C)cccc2NP(c2cc(C)cc(C)c2)c2cc(C)cc(C)c2)c2cc(C)cc(C)c2)c1,C46H50N2P2
692,35-Xyl-H8-BinamP,Cc1cc(C)cc(P(Nc2ccc3c(c2-c2c(NP(c4cc(C)cc(C)c4)c4cc(C)cc(C)c4)ccc4c2CCCC4)CCCC3)c2cc(C)cc(C)c2)c1,C52H58N2P2
693,35-TMS-MeOBIPHEP,COc1cccc(P(c2cc([Si](C)(C)C)cc([Si](C)(C)C)c2)c2cc([Si](C)(C)C)cc([Si](C)(C)C)c2)c1-c1c(OC)cccc1P(c1cc([Si](C)(C)C)cc([Si](C)(C)C)c1)c1cc([Si](C)(C)C)cc([Si](C)(C)C)c1,C62H96O2P2Si8
694,35-TES-MeOBIPHEP,CC[Si](CC)(CC)c1cc(P(c2cc(C(C)(C)C)cc(C(C)(C)C)c2)c2cccc(OC)c2-c2c(OC)cccc2P(c2cc([Si](CC)(CC)CC)cc([Si](CC)(CC)CC)c2)c2cc([Si](CC)(CC)CC)cc([Si](CC)(CC)CC)c2)cc([Si](CC)(CC)CC)c1,C82H132O2P2Si6
695,35-Ph-MeOBIPHEP,COc1cccc(P(c2cc(-c3ccccc3)cc(-c3ccccc3)c2)c2cc(-c3ccccc3)cc(-c3ccccc3)c2)c1-c1c(OC)cccc1P(c1cc(-c2ccccc2)cc(-c2ccccc2)c1)c1cc(-c2ccccc2)cc(-c2ccccc2)c1,C86H64O2P2
697,35-Et-MeOBIPHEP,CCc1cc(CC)cc(P(c2cc(CC)cc(CC)c2)c2cccc(OC)c2-c2c(OC)cccc2P(c2cc(CC)cc(CC)c2)c2cc(CC)cc(CC)c2)c1,C54H64O2P2
698,345MeO-345MeOBIPHEP,COc1cc(P(c2cc(OC)c(OC)c(OC)c2)c2cc(OC)c(OC)c(OC)c2-c2c(P(c3cc(OC)c(OC)c(OC)c3)c3cc(OC)c(OC)c(OC)c3)cc(OC)c(OC)c2OC)cc(OC)c1OC,C54H64O18P2
699,345Me-MeOBIPHEP,COc1cccc(P(c2cc(C)c(C)c(C)c2)c2cc(C)c(C)c(C)c2)c1-c1c(OC)cccc1P(c1cc(C)c(C)c(C)c1)c1cc(C)c(C)c(C)c1,C50H56O2P2
701,3-Thienyl-MeOBIPHEP,Cc1cccc(P(c2ccccc2)c2ccccc2)c1-c1c(C)cccc1P(c1ccccc1)c1ccccc1,C38H32P2
702,3-Furyl-MeOBIPHEP,COc1cccc(P(c2ccoc2)c2ccoc2)c1-c1c(OC)cccc1P(c1ccoc1)c1ccoc1,C30H24O6P2
703,2Pyr-MeOBIPHEP,COc1cccc(P(c2ccccn2)c2ccccn2)c1-c1c(OC)cccc1P(c1ccccn1)c1ccccn1,C34H28N4O2P2
704,6MeO-2Naphthyl-MeOBIPHEP,COc1c(c2c(P(c(cc3)cc4c3cc(OC)cc4)c(cc5)cc6c5cc(OC)cc6)cccc2OC)c(P(c(cc7)cc8c7cc(OC)cc8)c(cc9)cc%10c9cc(OC)cc%10)ccc1,C58H48O6P2
705,2Furyl-BPPFA,C[C@@H]([c-]1cccc1P(c1ccco1)c1ccco1)N(C)C.[Fe+2].c1coc(P(c2cc[cH-]c2)c2ccco2)c1,C30H29FeNO4P2
706,2-thienyl-MeOBIPHEP,COc1cccc(P(c2cccs2)c2cccs2)c1-c1c(OC)cccc1P(c1cccs1)c1cccs1,C30H24O2P2S4
707,35tBu-C2-TunePhos,CC(C)(C)c1cc(P(c2cc(C(C)(C)C)cc(C(C)(C)C)c2)c2cccc3c2-c2c(cccc2P(c2cc(C(C)(C)C)cc(C(C)(C)C)c2)c2cc(C(C)(C)C)cc(C(C)(C)C)c2)OCCO3)cc(C(C)(C)C)c1,C70H94O2P2
708,35tBu-C4-Tunephos,CC(C)(C)c1cc(P(c2cc(C(C)(C)C)cc(C(C)(C)C)c2)c2cccc3c2-c2c(cccc2P(c2cc(C(C)(C)C)cc(C(C)(C)C)c2)c2cc(C(C)(C)C)cc(C(C)(C)C)c2)OCCCCO3)cc(C(C)(C)C)c1,C72H98O2P2
709,35tBu-C5-Tunephos,CC(C)(C)c1cc(P(c2cc(C(C)(C)C)cc(C(C)(C)C)c2)c2cccc3c2-c2c(cccc2P(c2cc(C(C)(C)C)cc(C(C)(C)C)c2)c2cc(C(C)(C)C)cc(C(C)(C)C)c2)OCCCCCO3)cc(C(C)(C)C)c1,C73H100O2P2
710,catASium_T2,Cc1cc(C)cc(P(C2=C(c3c(C)sc(C)c3P(c3ccccc3)c3ccccc3)[C@]3(C)CC[C@H]2C3(C)C)c2cc(C)cc(C)c2)c1,C44H48P2S
711,R-C4-Tunephos,c1ccc(P(c2ccccc2)c2cccc3c2-c2c(cccc2P(c2ccccc2)c2ccccc2)OCCCCO3)cc1,C40H34O2P2
712,R-pTol-SDP,Cc1ccc(P(c2ccc(C)cc2)c2cccc3c2C2(CC3)CCc3cccc(P(c4ccc(C)cc4)c4ccc(C)cc4)c32)cc1,C45H42P2
716,RSS-C3-Tunephos,C[C@H]1C[C@H](C)Oc2cccc(P(c3ccccc3)c3ccccc3)c2-c2c(cccc2P(c2ccccc2)c2ccccc2)O1,C41H36O2P2
717,S-35tBu-C3-Tunephos,CC(C)(C)c1cc(P(c2cc(C(C)(C)C)cc(C(C)(C)C)c2)c2cccc3c2-c2c(cccc2P(c2cc(C(C)(C)C)cc(C(C)(C)C)c2)c2cc(C(C)(C)C)cc(C(C)(C)C)c2)OCCCO3)cc(C(C)(C)C)c1,C71H96O2P2
718,SSSS-Ph-BIBOP,CC(C)(C)P1c2c(cccc2-c2ccccc2)O[C@@H]1[C@H]1Oc2cccc(-c3ccccc3)c2P1C(C)(C)C,C34H36O2P2
719,Xantphos,CC1(C)c2cccc(P(c3ccccc3)c3ccccc3)c2Oc2c(P(c3ccccc3)c3ccccc3)cccc21,C39H32OP2
721,RRRR_BIBOP,CC(C)(C)P1c2ccccc2O[C@H]1[C@@H]1Oc2ccccc2P1C(C)(C)C,C22H28O2P2
722,ICT21090,CC(C)(C)c1cc(P(c2ccccc2)c2ccccc2)c2c(c1)C(C)(C)c1cc(C(C)(C)C)cc(-p3oc4ccc5ccccc5c4c4c(ccc5ccccc54)o3)c1O2,C55H50O3P2
723,ICT21092,Cc1cc2ccccc2c2c1op(-c1cc(C(C)(C)C)cc3c1Oc1c(P(c4ccccc4)c4ccccc4)cc(C(C)(C)C)cc1C3(C)C)oc1c(C)cc3ccccc3c12,C57H54O3P2
725,ICT21094,CC(C)(C)c1cc(P(c2ccccc2)c2ccccc2)c2c(c1)C(C)(C)c1cc(C(C)(C)C)cc(-p3oc4c(-c5ccccc5)cc5c(c4c4c6c(cc(-c7ccccc7)c4o3)CCCC6)CCCC5)c1O2,C67H66O3P2
729,CatasiuMNF,C[C@@H]1CC[C@@H](C)P1C1=C(P2[C@H](C)CC[C@H]2C)C(=O)N(c2c(F)c(F)c(F)c(F)c2F)C1=O,C22H24F5NO2P2
730,Biisobenzofuran,c1ccc(P(c2ccccc2)c2cc3c(cc2-c2cc4c(cc2P(c2ccccc2)c2ccccc2)COC4)COC3)cc1,C40H32O2P2
732,DFurylPF,Cc1ccc(P(c2ccc[cH-]2)c2ccc(C)o2)o1.Cc1ccc(P(c2ccc[cH-]2)c2ccc(C)o2)o1.[Fe+2],C30H28FeO4P2
733,DiPrPB,CC(C)P(CCCCP(C(C)C)C(C)C)C(C)C,C16H36P2
734,DPyrPE,c1ccc(P(CCP(c2ccccn2)c2ccccn2)c2ccccn2)nc1,C22H20N4P2
735,J014,C[C@H](c1c[cH-]cc1P(c1ccc(F)cc1)c1ccc(F)cc1)P(C(C)(C)C)C(C)(C)C.[Fe+2].c1cc[cH-]c1,C32H38F2FeP2
736,ECNU_Phos,COc1cc(OC)cc(P(c2cc(OC)cc(OC)c2)c2cccc(OC)c2-c2c(OC)cccc2P(c2cc(OC)cc(OC)c2)c2cc(OC)cc(OC)c2)c1,C46H48O10P2
737,Ph_PPM,c1ccc(P(C[C@@H]2C[C@H](P(c3ccccc3)c3ccccc3)CN2)c2ccccc2)cc1,C29H29NP2
738,tBu_P_CH2_Benz,CC(C)(C)P(Cc1ccccc1CP(C(C)(C)C)C(C)(C)C)C(C)(C)C,C24H44P2
739,SS_MCCPM,CNC(=O)N1C[C@@H](P(C2CCCCC2)C2CCCCC2)C[C@H]1CP(c1ccccc1)c1ccccc1,C31H44N2OP2
740,iPr_MeO_BIPHEP,COc1cccc(P(C(C)C)C(C)C)c1-c1c(OC)cccc1P(C(C)C)C(C)C,C26H40O2P2
741,catASium_MNBn,C[C@@H]1CC[C@@H](C)P1C1=C(P2[C@H](C)CC[C@H]2C)C(=O)N(Cc2ccccc2)C1=O,C23H31NO2P2
742,catASium_MNAn,COc1ccc(N2C(=O)C(P3[C@H](C)CC[C@H]3C)=C(P3[C@H](C)CC[C@H]3C)C2=O)cc1,C23H31NO3P2
743,catASium_MNXylF,C[C@@H]1CC[C@@H](C)P1C1=C(P2[C@H](C)CC[C@H]2C)C(=O)N(c2cc(C(F)(F)F)cc(C(F)(F)F)c2)C1=O,C24H27F6NO2P2
744,catASium_T1,Cc1sc(C)c(P(c2ccccc2)c2ccccc2)c1C1=C(P(c2ccccc2)c2ccccc2)[C@H]2CC[C@]1(C)C2(C)C,C40H40P2S
745,DEtPE,CCP(CC)CCP(CC)CC,C10H24P2
746,DCyPE,C1CCC(P(CCP(C2CCCCC2)C2CCCCC2)C2CCCCC2)CC1,C26H48P2
747,DMPE,CP(C)CCP(C)C,C6H16P2
748,DCyPP,C1CCC(P(CCCP(C2CCCCC2)C2CCCCC2)C2CCCCC2)CC1,C27H50P2
751,DiPPF,CC(C)P(c1cc[cH-]c1)C(C)C.CC(C)P(c1ccc[cH-]1)C(C)C.[Fe+2],C22H36FeP2
752,DNMePF,CN(C)P(c1cc[cH-]c1)N(C)C.CN(C)P(c1cc[cH-]c1)N(C)C.[Fe+2],C18H32FeN4P2
756,DBFPhos,c1ccc(P(c2ccccc2)c2cccc3c2oc2c(P(c4ccccc4)c4ccccc4)cccc23)cc1,C36H26OP2
759,S_Cy_MeO_BIPHEP,COc1cccc(P(C2CCCCC2)C2CCCCC2)c1-c1c(OC)cccc1P(C1CCCCC1)C1CCCCC1,C38H56O2P2
760,catASium_T3,Cc1cc(C)cc(P(c2cc(C)cc(C)c2)c2c(C)sc(C)c2C2=C(P(c3ccccc3)c3ccccc3)[C@H]3CC[C@]2(C)C3(C)C)c1,C44H48P2S
761,S_Xyl_SDP,Cc1cc(C)cc(P(c2cc(C)cc(C)c2)c2cccc3c2C2(CC3)CCc3cccc(P(c4cc(C)cc(C)c4)c4cc(C)cc(C)c4)c32)c1,C49H50P2
763,CarboPhos,CO[C@@H]1O[C@@H](COC(=O)c2ccccc2)[C@H](OP(c2cc(C)cc(C)c2)c2cc(C)cc(C)c2)[C@@H](OP(c2cc(C)cc(C)c2)c2cc(C)cc(C)c2)[C@@H]1OC(=O)c1ccccc1,C53H56O8P2
